run_id,experiment_id,status,artifact_uri,start_time,end_time,metrics.epoch_customer_invoices_mae,metrics.epoch_val_customer_count_loss,metrics.customer_value_mae,metrics.overfitting_ratio,metrics.batch_size,metrics.forecast_days,metrics.train_samples,metrics.epoch_product_quantity_loss,metrics.val_samples,metrics.epoch_learning_rate,metrics.epoch_val_loss,metrics.epochs_trained,metrics.window_days,metrics.epoch_val_customer_invoices_mae,metrics.final_val_loss,metrics.weighted_mae,metrics.epoch_customer_value_mae,metrics.epoch_loss,metrics.product_quantity_mae,metrics.epoch_customer_invoices_loss,metrics.epoch_product_quantity_mae,metrics.epoch_val_product_quantity_loss,metrics.final_train_loss,metrics.epoch_customer_count_mae,metrics.customer_value_rmse,metrics.epoch_customer_count_loss,metrics.epoch_customer_value_loss,metrics.product_quantity_rmse,metrics.customer_count_mae,metrics.epoch_val_customer_value_loss,metrics.epoch_val_customer_invoices_loss,metrics.customer_invoices_mae,metrics.epoch_val_customer_value_mae,metrics.epoch_val_product_quantity_mae,metrics.epoch_val_customer_count_mae,metrics.customer_invoices_rmse,metrics.customer_count_rmse,params.loss_weight_product_quantity,params.loss_weight_customer_count,params.batch_size,params.forecast_days,params.loss_weight_customer_invoices,params.shared_lstm,params.customer_lstm,params.window_days,params.based_on_experiments,params.model_type,params.loss_weight_customer_value,params.learning_rate,params.optimizer,params.product_lstm,params.epochs,tags.mlflow.source.git.commit,tags.experiment_based,tags.mlflow.source.name,tags.config,tags.mlflow.user,tags.team,tags.mlflow.runName,tags.model_family,tags.mlflow.source.type,metrics.mae,metrics.rmse,metrics.epoch_train_loss,metrics.best_epoch,params.platform,params.lstm_units,params.n_features,params.reduce_lr_patience,params.epochs_config,params.horizon,params.early_stopping_patience,params.script_version,params.reduce_lr_factor,params.train_samples,params.val_samples,tags.converged,tags.source,tags.model_type,tags.horizon,tags.original_path,metrics.purchase_prob_auc,metrics.value_mae,metrics.value_loss,metrics.days_mae,metrics.purchase_prob_loss,metrics.days_loss,metrics.purchase_prob_accuracy,metrics.total_loss,metrics.product_f1,metrics.product_precision,metrics.product_recall,metrics.quantity_rmse,metrics.quantity_mae,metrics.total_params,params.experiment_name,params.customer_lstm_units,params.product_lstm_units,params.shared_lstm_units,tags.experiment_type,tags.mlflow.runColor
df2e30a74df24ebfac510270529a1ead,615357022633920591,FINISHED,file:///E:/Codigos/Proyecto%20Final/mlruns/615357022633920591/df2e30a74df24ebfac510270529a1ead/artifacts,2025-11-26 23:35:57.543000+00:00,2025-11-26 23:37:00.906000+00:00,0.47322866320610046,0.4554154872894287,4164.468851562499,0.9550253492435898,64.0,7.0,534.0,0.37255945801734924,134.0,0.0001250000059371814,1.5919843912124634,82.0,60.0,0.4474814534187317,1.5919843912124634,2982.525838449132,0.453597754240036,1.7886946201324463,5985.307340251866,0.4174877405166626,0.4771215319633484,0.4269580841064453,1.7886946201324463,0.46706902980804443,5644.586992751448,0.41619932651519775,0.36697307229042053,7539.211017073395,6.685895570051442,0.42416492104530334,0.4603435695171356,7.720883440615526,0.4313819706439972,0.46093666553497314,0.4459969103336334,10.765561354645449,9.379994541976629,1.0,0.3,64,7,0.3,[128],[32],60,209,multimodal_optimized,3.0,0.001,rmsprop,[32],100,499c4126ba318eb885e3a38eafb0ea080c91590e,true,src/train/train_multimodal_lstm_optimized.py,medium_large_shared,User,pfg,optimized_w60_batch64_20251126_203557,multimodal_lstm_optimized,LOCAL,,,,,,,,,,,,,,,,,,,,,,,,,,,,,,,,,,,,,,,,
493c2e7a7c5e48c59bf5f289676b33d8,798085980660254222,FINISHED,file:///E:/Codigos/Proyecto%20Final/mlruns/798085980660254222/493c2e7a7c5e48c59bf5f289676b33d8/artifacts,2025-11-26 19:46:05.148000+00:00,2025-11-26 21:37:16.391000+00:00,,,,,,,35544.0,,8886.0,,0.0006106581422500312,40.0,,,0.0006106581422500312,,,,,,,,0.0005665170028805733,,,,,,,,,,,,,,,,,64,7,,,,240,,products,,,,,,499c4126ba318eb885e3a38eafb0ea080c91590e,,src/train/train_products_temporal.py,,User,PFG_LSTM,products_long_local,products_temporal,LOCAL,18.95596694100902,44.99040063887577,0.0005665170028805733,40.0,local,"[128, 64, 32]",2,8,40,long,15,v1,0.5,,,no,,,,,,,,,,,,,,,,,,,,,,,,
976a13128ee24673b3f6cffa374343a5,798085980660254222,FINISHED,file:///E:/Codigos/Proyecto%20Final/mlruns/798085980660254222/976a13128ee24673b3f6cffa374343a5/artifacts,2025-11-26 19:11:08.889000+00:00,2025-11-26 19:46:04.803000+00:00,,,,,,,45088.0,,11272.0,,0.0005184548790566623,30.0,,,0.0005184548790566623,,,,,,,,0.0005908939056098461,,,,,,,,,,,,,,,,,64,7,,,,120,,products,,,,,,499c4126ba318eb885e3a38eafb0ea080c91590e,,src/train/train_products_temporal.py,,User,PFG_LSTM,products_medium_local,products_temporal,LOCAL,20.134807238705694,41.46931527946615,0.0005908939056098461,30.0,local,"[128, 64]",2,8,30,medium,15,v1,0.5,,,no,,,,,,,,,,,,,,,,,,,,,,,,
f23668a84cb840cc9efeab920bf93f51,798085980660254222,FINISHED,file:///E:/Codigos/Proyecto%20Final/mlruns/798085980660254222/f23668a84cb840cc9efeab920bf93f51/artifacts,2025-11-26 19:05:16.888000+00:00,2025-11-26 19:11:08.717000+00:00,,,,,,,52288.0,,13072.0,,0.0006623385706916451,20.0,,,0.0006623385706916451,,,,,,,,0.0007578791701234877,,,,,,,,,,,,,,,,,32,7,,,,30,,products,,,,,,499c4126ba318eb885e3a38eafb0ea080c91590e,,src/train/train_products_temporal.py,,User,PFG_LSTM,products_short_local,products_temporal,LOCAL,19.4078986502809,46.19404949170188,0.0007578791701234877,20.0,local,"[64, 32]",2,8,20,short,15,v1,0.5,,,no,,,,,,,,,,,,,,,,,,,,,,,,
771a00ded25e46bfb5b44e97f30904ad,798085980660254222,FINISHED,file:///E:/Codigos/Proyecto%20Final/mlruns/798085980660254222/771a00ded25e46bfb5b44e97f30904ad/artifacts,2025-11-26 18:52:10.565000+00:00,2025-11-26 18:52:10.845000+00:00,,,,,,,,,,,,,,,0.0006349008181132376,,,,,,,,0.0007428067037835717,,,,,,,,,,,,,,,,,,7,,,,30,,,,,,,50,499c4126ba318eb885e3a38eafb0ea080c91590e,,import_historical_to_mlflow.py,,User,,product_lstm_short_historical,,LOCAL,19.16695125663408,45.886754994572506,,,,,,,,,,,,52288,13072,,historical_import,product_lstm,short,./models\temporal\products_50epochs\short\metrics.json,,,,,,,,,,,,,,,,,,,,
70971616fbd54c33a0ec42a9dceae772,798085980660254222,FINISHED,file:///E:/Codigos/Proyecto%20Final/mlruns/798085980660254222/70971616fbd54c33a0ec42a9dceae772/artifacts,2025-11-26 18:52:10.229000+00:00,2025-11-26 18:52:10.526000+00:00,,,,,,,,,,,,,,,0.0005036452203057706,,,,,,,,0.0005839102086611092,,,,,,,,,,,,,,,,,,7,,,,120,,,,,,,50,499c4126ba318eb885e3a38eafb0ea080c91590e,,import_historical_to_mlflow.py,,User,,product_lstm_medium_historical,,LOCAL,19.249775321762048,40.87315328536328,,,,,,,,,,,,45088,11272,,historical_import,product_lstm,medium,./models\temporal\products_50epochs\medium\metrics.json,,,,,,,,,,,,,,,,,,,,
6ce04859ed66490282a0a31cbdf27fae,798085980660254222,FINISHED,file:///E:/Codigos/Proyecto%20Final/mlruns/798085980660254222/6ce04859ed66490282a0a31cbdf27fae/artifacts,2025-11-26 18:52:09.917000+00:00,2025-11-26 18:52:10.192000+00:00,,,,,,,,,,,,,,,0.0006139650940895081,,,,,,,,0.0005592299276031554,,,,,,,,,,,,,,,,,,7,,,,240,,,,,,,50,499c4126ba318eb885e3a38eafb0ea080c91590e,,import_historical_to_mlflow.py,,User,,product_lstm_long_historical,,LOCAL,18.967138491267193,45.044776575672714,,,,,,,,,,,,35544,8886,,historical_import,product_lstm,long,./models\temporal\products_50epochs\long\metrics.json,,,,,,,,,,,,,,,,,,,,
4b1f7b1a2cf246f29838b00a960509ee,798085980660254222,FINISHED,file:///E:/Codigos/Proyecto%20Final/mlruns/798085980660254222/4b1f7b1a2cf246f29838b00a960509ee/artifacts,2025-11-26 18:52:09.600000+00:00,2025-11-26 18:52:09.880000+00:00,,,,,,,,,,,,,,,0.0006415536627173424,,,,,,,,0.0007605624268762767,,,,,,,,,,,,,,,,,,7,,,,30,,,,,,,20,499c4126ba318eb885e3a38eafb0ea080c91590e,,import_historical_to_mlflow.py,,User,,product_lstm_short_historical,,LOCAL,20.011831357499283,46.06142711166932,,,,,,,,,,,,52288,13072,,historical_import,product_lstm,short,./models\temporal\products\short\metrics.json,,,,,,,,,,,,,,,,,,,,
4afa71a6001c4e598d9d3ba2216e3c37,798085980660254222,FINISHED,file:///E:/Codigos/Proyecto%20Final/mlruns/798085980660254222/4afa71a6001c4e598d9d3ba2216e3c37/artifacts,2025-11-26 18:52:09.253000+00:00,2025-11-26 18:52:09.566000+00:00,,,,,,,,,,,,,,,0.0005334458546712995,,,,,,,,0.0006007609190419316,,,,,,,,,,,,,,,,,,7,,,,120,,,,,,,30,499c4126ba318eb885e3a38eafb0ea080c91590e,,import_historical_to_mlflow.py,,User,,product_lstm_medium_historical,,LOCAL,19.749390399901216,42.028084138964665,,,,,,,,,,,,45088,11272,,historical_import,product_lstm,medium,./models\temporal\products\medium\metrics.json,,,,,,,,,,,,,,,,,,,,
00643ef520e54cc8a0e0f322f4c08638,798085980660254222,FINISHED,file:///E:/Codigos/Proyecto%20Final/mlruns/798085980660254222/00643ef520e54cc8a0e0f322f4c08638/artifacts,2025-11-26 18:52:08.936000+00:00,2025-11-26 18:52:09.221000+00:00,,,,,,,,,,,,,,,0.0006097526638768613,,,,,,,,0.0005540379206649959,,,,,,,,,,,,,,,,,,7,,,,240,,,,,,,40,499c4126ba318eb885e3a38eafb0ea080c91590e,,import_historical_to_mlflow.py,,User,,product_lstm_long_historical,,LOCAL,18.64634674919809,44.77026599563352,,,,,,,,,,,,35544,8886,,historical_import,product_lstm,long,./models\temporal\products\long\metrics.json,,,,,,,,,,,,,,,,,,,,
9b90d550e6b74163ab61b704978bb54d,859287845897098245,FINISHED,file:///E:/Codigos/Proyecto%20Final/mlruns/859287845897098245/9b90d550e6b74163ab61b704978bb54d/artifacts,2025-11-26 18:52:08.436000+00:00,2025-11-26 18:52:08.853000+00:00,,,,,,,,,,,,,,,,,,,,,,,,,,,,,,,,,,,,,,,,,,,,,,,,,,,,30,499c4126ba318eb885e3a38eafb0ea080c91590e,,import_historical_to_mlflow.py,,User,,customer_lstm_medium_historical,,LOCAL,,,,,,,,,,,,,,664216,166055,,historical_import,customer_lstm,medium,./models\temporal\customer_v3\medium\metrics.json,0.6599520444869995,123.71676232704094,304221.0625,5.0,0.35625678300857544,2.6146271228790283,87.5926673412323,152134.015625,,,,,,,,,,,,
98b02c647c7f45feab10cecce4882b34,859287845897098245,FINISHED,file:///E:/Codigos/Proyecto%20Final/mlruns/859287845897098245/98b02c647c7f45feab10cecce4882b34/artifacts,2025-11-26 18:52:07.987000+00:00,2025-11-26 18:52:08.403000+00:00,,,,,,,,,,,,,,,,,,,,,,,,,,,,,,,,,,,,,,,,,,,,,,,,,,,,23,499c4126ba318eb885e3a38eafb0ea080c91590e,,import_historical_to_mlflow.py,,User,,customer_lstm_medium_historical,,LOCAL,,,,,,,,,,,,,,652738,163185,,historical_import,customer_lstm,medium,./models\temporal\customer_v2\medium\metrics.json,0.6456974148750305,220.14256676823274,653355.0625,8.5,0.5083633065223694,17.917865753173828,78.2872200012207,324430.09375,,,,,,,,,,,,
c240bec9b4d242ad956962af51b4bfcc,859287845897098245,FINISHED,file:///E:/Codigos/Proyecto%20Final/mlruns/859287845897098245/c240bec9b4d242ad956962af51b4bfcc/artifacts,2025-11-26 18:52:07.522000+00:00,2025-11-26 18:52:07.954000+00:00,,,,,,,,,,,,,,,,,,,,,,,,,,,,,,,,,,,,,,,,,,,,,,,,,,,,40,499c4126ba318eb885e3a38eafb0ea080c91590e,,import_historical_to_mlflow.py,,User,,customer_lstm_long_historical,,LOCAL,,,,,,,,,,,,,,241154,60289,,historical_import,customer_lstm,long,./models\temporal\customer_v1\long\metrics.json,0.7507837414741516,0.9181307554244995,6.783025741577148,0.6557186245918274,0.5260533094406128,0.2055434137582779,0.3983038067817688,4.021502494812012,,,,,,,,,,,,
bc6c7a378fd14a3886e1f575c781a604,859287845897098245,FINISHED,file:///E:/Codigos/Proyecto%20Final/mlruns/859287845897098245/bc6c7a378fd14a3886e1f575c781a604/artifacts,2025-11-26 18:52:07.057000+00:00,2025-11-26 18:52:07.489000+00:00,,,,,,,,,,,,,,,,,,,,,,,,,,,,,,,,,,,,,,,,,,,,,,,,,,,,3,499c4126ba318eb885e3a38eafb0ea080c91590e,,import_historical_to_mlflow.py,,User,,customer_lstm_test_historical,,LOCAL,,,,,,,,,,,,,,418190,104548,,historical_import,customer_lstm,test,./models\temporal\customer_tester\test\metrics.json,0.8785725235939026,119.99742327451433,233936.75,0.5171595822014768,0.35254329442977905,2.637259006500244,51.71595811843872,117000.671875,,,,,,,,,,,,
dcb0099bd6a14c1da2ce0bc4df66693c,859287845897098245,FINISHED,file:///E:/Codigos/Proyecto%20Final/mlruns/859287845897098245/dcb0099bd6a14c1da2ce0bc4df66693c/artifacts,2025-11-26 18:52:06.598000+00:00,2025-11-26 18:52:07.023000+00:00,,,,,,,,,,,,,,,,,,,,,,,,,,,,,,,,,,,,,,,,,,,,,,,,,,,,20,499c4126ba318eb885e3a38eafb0ea080c91590e,,import_historical_to_mlflow.py,,User,,customer_lstm_short_historical,,LOCAL,,,,,,,,,,,,,,814659,203665,,historical_import,customer_lstm,short,./models\temporal\customer\short\metrics.json,0.8736602067947388,124.7902603149414,292481.9375,0.6570761799812317,0.36458680033683777,2.666213035583496,0.5237080454826355,146253.234375,,,,,,,,,,,,
f98966c0736f418981ef9b950c82b101,859287845897098245,FINISHED,file:///E:/Codigos/Proyecto%20Final/mlruns/859287845897098245/f98966c0736f418981ef9b950c82b101/artifacts,2025-11-26 18:52:06.143000+00:00,2025-11-26 18:52:06.572000+00:00,,,,,,,,,,,,,,,,,,,,,,,,,,,,,,,,,,,,,,,,,,,,,,,,,,,,30,499c4126ba318eb885e3a38eafb0ea080c91590e,,import_historical_to_mlflow.py,,User,,customer_lstm_medium_historical,,LOCAL,,,,,,,,,,,,,,626653,156664,,historical_import,customer_lstm,medium,./models\temporal\customer\medium\metrics.json,0.6392917037010193,1.0244823694229126,11.595305442810059,0.6749213933944702,0.6298739910125732,0.6773578524589539,0.4709150195121765,6.766486644744873,,,,,,,,,,,,
ff7cafa0d2db4a779e42e5d2638f6f7b,898926837719502822,FINISHED,file:///E:/Codigos/Proyecto%20Final/mlruns/898926837719502822/ff7cafa0d2db4a779e42e5d2638f6f7b/artifacts,2025-11-26 18:52:05.672000+00:00,2025-11-26 18:52:06.094000+00:00,,,,,,,,,,,,,,,2528.922607421875,,,,,,,,2323.36474609375,,,,,,,,,,,,,,,,,,,,,,,,,,,,,22,499c4126ba318eb885e3a38eafb0ea080c91590e,,import_historical_to_mlflow.py,,User,,recommender_unknown_historical,,LOCAL,,,,,,,,,,,,,,1256,315,,historical_import,recommender,unknown,./models\recommender\metrics.json,,,,,,,,,0.06898643279829811,0.49206349206349204,0.03807908960186199,163.04292423285486,52.48140414464939,,,,,,,
31ada5519cf64c219119c6c02fc665cf,604919670316972589,FINISHED,file:///E:/Codigos/Proyecto%20Final/mlruns/604919670316972589/31ada5519cf64c219119c6c02fc665cf/artifacts,2025-11-26 18:52:05.119000+00:00,2025-11-26 18:52:05.566000+00:00,,,,,,,,,,,,,,,,,,,,,,,,,,,,,,,,,,,,,,,,,,,,,,,,,,,,30,499c4126ba318eb885e3a38eafb0ea080c91590e,,import_historical_to_mlflow.py,,User,,customer_lstm_medium_historical,,LOCAL,,,,,,,,,,,,,,512462,128116,,historical_import,customer_lstm,medium,./models\kaggle\customer_v2\medium\metrics.json,0.7443254590034485,2.2885544300079346,79.87583923339844,0.6331939697265625,0.5540875196456909,5.338155746459961,1.0669198036193848,43.150638580322266,,,,,,,,,,,,
c16dc0d25d6b48e7bc8f64e552dbe0aa,851339013361115782,FINISHED,file:///E:/Codigos/Proyecto%20Final/mlruns/851339013361115782/c16dc0d25d6b48e7bc8f64e552dbe0aa/artifacts,2025-11-26 18:52:04.785000+00:00,2025-11-26 18:52:05.059000+00:00,,,,,,,,,,,,,,,0.0011582819279283285,,,,,,,,0.00116930331569165,,,,,,,,,,,,,,,,,,7,,,,30,,,,,,,20,499c4126ba318eb885e3a38eafb0ea080c91590e,,import_historical_to_mlflow.py,,User,,unknown_short_historical,,LOCAL,28.340779736609353,61.63579999552006,,,,,,,,,,,,26341,6586,,historical_import,unknown,short,./models\colab\short\metrics.json,,,,,,,,,,,,,,,,,,,,
f627173f81a24ed98169ffcd3c382d5b,851339013361115782,FINISHED,file:///E:/Codigos/Proyecto%20Final/mlruns/851339013361115782/f627173f81a24ed98169ffcd3c382d5b/artifacts,2025-11-26 18:52:04.414000+00:00,2025-11-26 18:52:04.756000+00:00,,,,,,,,,,,,,,,0.0009205095702782273,,,,,,,,0.0009593369904905558,,,,,,,,,,,,,,,,,,7,,,,120,,,,,,,30,499c4126ba318eb885e3a38eafb0ea080c91590e,,import_historical_to_mlflow.py,,User,,unknown_medium_historical,,LOCAL,24.876206045047596,55.25774805351025,,,,,,,,,,,,22741,5686,,historical_import,unknown,medium,./models\colab\medium\metrics.json,,,,,,,,,,,,,,,,,,,,
4c273617258d4d6c94536187d1c0cc9a,957650959281190439,FINISHED,file:///E:/Codigos/Proyecto%20Final/mlruns/957650959281190439/4c273617258d4d6c94536187d1c0cc9a/artifacts,2025-11-21 17:42:54.719000+00:00,2025-11-21 17:44:48.931000+00:00,0.5110488533973694,0.539397656917572,6241.907753076738,,,,,0.8816430568695068,,0.0010000000474974513,1.5765331983566284,30.0,,0.5225432515144348,1.5765331983566284,,0.5506144762039185,1.8637971878051758,7286.231154983108,0.4731873571872711,0.5615212321281433,0.4875293970108032,1.8637971878051758,0.5264995098114014,8224.85444523742,0.5057134032249451,0.49270379543304443,9447.617572097959,8.412214301267644,0.563880205154419,0.51084965467453,9.701395255718452,0.569878876209259,0.5384941101074219,0.5209881663322449,13.269619383944422,11.858697631787575,1.0,0.5,512,7,0.5,,,360,,,1.0,0.001,adam,,30,499c4126ba318eb885e3a38eafb0ea080c91590e,,src/train/experiment_multimodal_grid_search.py,,User,,batch_512_w360_20251121_144254,,LOCAL,,,,,,,,,,,,,,,,,,,,,,,,,,,,,,,,,,145540.0,batch_512_w360,[32],[32],"[128, 64]",batch_sizes,
16b981ef1e774576ab629beb362f177f,957650959281190439,FINISHED,file:///E:/Codigos/Proyecto%20Final/mlruns/957650959281190439/16b981ef1e774576ab629beb362f177f/artifacts,2025-11-21 17:41:37.292000+00:00,2025-11-21 17:42:54.695000+00:00,0.5303457975387573,0.5105552077293396,7228.652099284803,,,,,0.6159448027610779,,0.0005000000237487257,1.8176627159118652,30.0,,0.5266339182853699,1.8176627159118652,,0.5831524729728699,1.6163936853408813,8800.919363839286,0.477756530046463,0.609932541847229,0.6599059700965881,1.6163936853408813,0.5169833302497864,8755.73377823997,0.47226589918136597,0.5254376530647278,11204.43924922786,8.732267546584238,0.6505370736122131,0.5038841962814331,10.192205395712447,0.6658874154090881,0.6380856037139893,0.5231140851974487,13.738037992781832,11.92757034259869,1.0,0.5,512,7,0.5,,,240,,,1.0,0.001,adam,,30,499c4126ba318eb885e3a38eafb0ea080c91590e,,src/train/experiment_multimodal_grid_search.py,,User,,batch_512_w240_20251121_144137,,LOCAL,,,,,,,,,,,,,,,,,,,,,,,,,,,,,,,,,,145540.0,batch_512_w240,[32],[32],"[128, 64]",batch_sizes,
937e0c97b3864724a5e2159797f996fe,957650959281190439,FINISHED,file:///E:/Codigos/Proyecto%20Final/mlruns/957650959281190439/937e0c97b3864724a5e2159797f996fe/artifacts,2025-11-21 17:40:57.468000+00:00,2025-11-21 17:41:37.269000+00:00,0.49843159317970276,0.5868760943412781,6464.106684316453,,,,,0.6196073889732361,,0.0010000000474974513,2.5095887184143066,30.0,,0.5685802102088928,2.5095887184143066,,0.5409122705459595,1.5330393314361572,9408.584560706968,0.4376843571662903,0.5821757912635803,1.2890392541885376,1.5330393314361572,0.49332326650619507,8061.201588366264,0.4443495571613312,0.47241491079330444,14492.27838407387,8.732339175579419,0.6380040645599365,0.5782148838043213,10.130651389128708,0.6405019164085388,0.7370903491973877,0.5665199160575867,13.548468762496075,11.808334231598323,1.0,0.5,512,7,0.5,,,120,,,1.0,0.001,adam,,30,499c4126ba318eb885e3a38eafb0ea080c91590e,,src/train/experiment_multimodal_grid_search.py,,User,,batch_512_w120_20251121_144057,,LOCAL,,,,,,,,,,,,,,,,,,,,,,,,,,,,,,,,,,145540.0,batch_512_w120,[32],[32],"[128, 64]",batch_sizes,
92cb9b138a2f461ea19715ce1a190231,957650959281190439,FINISHED,file:///E:/Codigos/Proyecto%20Final/mlruns/957650959281190439/92cb9b138a2f461ea19715ce1a190231/artifacts,2025-11-21 17:40:33.770000+00:00,2025-11-21 17:40:57.443000+00:00,0.5274204015731812,0.43030405044555664,5393.169809618203,,,,,0.6370874047279358,,0.0005000000237487257,1.7033190727233887,30.0,,0.495952308177948,1.7033190727233887,,0.5633639693260193,1.8219013214111328,8417.712497084887,0.3884132504463196,0.6354568600654602,0.7771913409233093,1.8219013214111328,0.5153137445449829,6885.318772306017,0.3579759895801544,0.4669538140296936,11571.794714957674,7.321914717586819,0.4959157109260559,0.4301201105117798,8.551248221000884,0.5515996813774109,0.6412942409515381,0.4903351068496704,11.307964665425018,9.795337409695566,1.0,0.5,512,7,0.5,,,60,,,1.0,0.001,adam,,30,499c4126ba318eb885e3a38eafb0ea080c91590e,,src/train/experiment_multimodal_grid_search.py,,User,,batch_512_w60_20251121_144033,,LOCAL,,,,,,,,,,,,,,,,,,,,,,,,,,,,,,,,,,145540.0,batch_512_w60,[32],[32],"[128, 64]",batch_sizes,
3cd90f113b1e49bc91fff6d55f3bd641,957650959281190439,FINISHED,file:///E:/Codigos/Proyecto%20Final/mlruns/957650959281190439/3cd90f113b1e49bc91fff6d55f3bd641/artifacts,2025-11-21 17:40:16.181000+00:00,2025-11-21 17:40:33.748000+00:00,0.5223709940910339,0.5458835959434509,5451.060148389668,,,,,0.7061235904693604,,0.0005000000237487257,1.8716286420822144,30.0,,0.523784875869751,1.8716286420822144,,0.5434120297431946,1.7453832626342773,8538.778445870536,0.5946211814880371,0.6141756772994995,0.7961499094963074,1.7453832626342773,0.5195670127868652,7120.16358219766,0.5931958556175232,0.5540122985839844,11622.213750801531,7.906294293306311,0.5439777970314026,0.5171182751655579,9.032511629377092,0.5646529197692871,0.6555477380752563,0.5291696190834045,12.400823605608664,11.038958620572217,1.0,0.5,512,7,0.5,,,30,,,1.0,0.001,adam,,30,499c4126ba318eb885e3a38eafb0ea080c91590e,,src/train/experiment_multimodal_grid_search.py,,User,,batch_512_w30_20251121_144016,,LOCAL,,,,,,,,,,,,,,,,,,,,,,,,,,,,,,,,,,145540.0,batch_512_w30,[32],[32],"[128, 64]",batch_sizes,
129e1937e93c479bb5c1237ae1f7a836,957650959281190439,FINISHED,file:///E:/Codigos/Proyecto%20Final/mlruns/957650959281190439/129e1937e93c479bb5c1237ae1f7a836/artifacts,2025-11-21 17:40:01.815000+00:00,2025-11-21 17:40:16.156000+00:00,0.5193539261817932,0.4782348871231079,5450.060221481644,,,,,0.9750319719314575,,0.0010000000474974513,1.7783653736114502,30.0,,0.506345808506012,1.7783653736114502,,0.5399814248085022,1.8276267051696777,8351.704791302447,0.5952500104904175,0.6348453760147095,0.8194085955619812,1.8276267051696777,0.5099053382873535,6940.04662947066,0.6074607968330383,0.5125997066497803,12113.18009834718,8.06144981498604,0.48579806089401245,0.468082457780838,9.149917591106403,0.5473521947860718,0.6241187453269958,0.513084888458252,12.363207640895306,10.865370195612607,1.0,0.5,512,7,0.5,,,15,,,1.0,0.001,adam,,30,499c4126ba318eb885e3a38eafb0ea080c91590e,,src/train/experiment_multimodal_grid_search.py,,User,,batch_512_w15_20251121_144001,,LOCAL,,,,,,,,,,,,,,,,,,,,,,,,,,,,,,,,,,145540.0,batch_512_w15,[32],[32],"[128, 64]",batch_sizes,
72b5c5ac95854c018c3b1e883067b364,957650959281190439,FINISHED,file:///E:/Codigos/Proyecto%20Final/mlruns/957650959281190439/72b5c5ac95854c018c3b1e883067b364/artifacts,2025-11-21 17:38:06.213000+00:00,2025-11-21 17:40:01.790000+00:00,0.5025484561920166,0.5301201939582825,6009.843328517133,,,,,0.9035995602607727,,0.0010000000474974513,1.4860846996307373,30.0,,0.5032421946525574,1.4860846996307373,,0.5190404653549194,1.791788101196289,7084.494589315878,0.4348611831665039,0.5525528192520142,0.4515647292137146,1.791788101196289,0.5028887987136841,7893.425177524959,0.42896535992622375,0.43748873472213745,9092.470917855659,8.163975896062079,0.5193514227867126,0.5002167224884033,9.343057043303855,0.5486916303634644,0.5235846638679504,0.5056142210960388,13.130794515787155,11.756271368369385,1.0,0.5,256,7,0.5,,,360,,,1.0,0.001,adam,,30,499c4126ba318eb885e3a38eafb0ea080c91590e,,src/train/experiment_multimodal_grid_search.py,,User,,batch_256_w360_20251121_143806,,LOCAL,,,,,,,,,,,,,,,,,,,,,,,,,,,,,,,,,,145540.0,batch_256_w360,[32],[32],"[128, 64]",batch_sizes,
8a8e95e1d8744b9e8d2a75861b38a9fb,957650959281190439,FINISHED,file:///E:/Codigos/Proyecto%20Final/mlruns/957650959281190439/8a8e95e1d8744b9e8d2a75861b38a9fb/artifacts,2025-11-21 17:36:42.609000+00:00,2025-11-21 17:38:06.190000+00:00,0.5448341369628906,0.5005521774291992,6341.477571064141,,,,,0.6558201909065247,,0.0005000000237487257,1.646842122077942,30.0,,0.4953899681568146,1.646842122077942,,0.5506526231765747,1.6638057231903076,7479.34765625,0.5001081228256226,0.5702574253082275,0.6158843040466309,1.6638057231903076,0.5349786877632141,7967.950559344945,0.4963984489440918,0.48002856969833374,10824.271478028188,8.254232100773137,0.5387412309646606,0.4838810861110687,9.587525793136727,0.5841628313064575,0.5422687530517578,0.49447697401046753,13.462590983312145,11.810146437185034,1.0,0.5,256,7,0.5,,,240,,,1.0,0.001,adam,,30,499c4126ba318eb885e3a38eafb0ea080c91590e,,src/train/experiment_multimodal_grid_search.py,,User,,batch_256_w240_20251121_143642,,LOCAL,,,,,,,,,,,,,,,,,,,,,,,,,,,,,,,,,,145540.0,batch_256_w240,[32],[32],"[128, 64]",batch_sizes,
dd37e7d67b924918998adcbab8ee5d12,957650959281190439,FINISHED,file:///E:/Codigos/Proyecto%20Final/mlruns/957650959281190439/dd37e7d67b924918998adcbab8ee5d12/artifacts,2025-11-21 17:35:59.897000+00:00,2025-11-21 17:36:42.583000+00:00,0.49745869636535645,0.5541595816612244,5940.451798375293,,,,,0.5468156933784485,,0.0010000000474974513,2.3176422119140625,30.0,,0.550015926361084,2.3176422119140625,,0.5109936594963074,1.4180102348327637,9012.563092341188,0.43820875883102417,0.5398640632629395,1.2233972549438477,1.4180102348327637,0.4915887713432312,7412.010659015072,0.4407835602760315,0.42534711956977844,14118.46060553311,8.316342834008102,0.5393813252449036,0.5555675029754639,9.799882361704626,0.5886151194572449,0.7060650587081909,0.5395317077636719,13.280487532573288,11.474475055588869,1.0,0.5,256,7,0.5,,,120,,,1.0,0.001,adam,,30,499c4126ba318eb885e3a38eafb0ea080c91590e,,src/train/experiment_multimodal_grid_search.py,,User,,batch_256_w120_20251121_143559,,LOCAL,,,,,,,,,,,,,,,,,,,,,,,,,,,,,,,,,,145540.0,batch_256_w120,[32],[32],"[128, 64]",batch_sizes,
1045993194ec4c4992105db5c8c22086,957650959281190439,FINISHED,file:///E:/Codigos/Proyecto%20Final/mlruns/957650959281190439/1045993194ec4c4992105db5c8c22086/artifacts,2025-11-21 17:35:35.702000+00:00,2025-11-21 17:35:59.875000+00:00,0.5070914626121521,0.4311038851737976,4691.986499883395,,,,,0.6383993625640869,,0.0010000000474974513,1.45609712600708,30.0,,0.5001898407936096,1.45609712600708,,0.5092296004295349,1.6555670499801636,7385.7467350746265,0.4435902535915375,0.6099871397018433,0.642299473285675,1.6555670499801636,0.4960615634918213,6043.542134499414,0.43507397174835205,0.42810162901878357,10519.752564283986,7.409278625618421,0.3820699453353882,0.4323514997959137,8.624310731379463,0.4798843562602997,0.5626749992370605,0.49618569016456604,11.33725827651727,9.804436675412395,1.0,0.5,256,7,0.5,,,60,,,1.0,0.001,adam,,30,499c4126ba318eb885e3a38eafb0ea080c91590e,,src/train/experiment_multimodal_grid_search.py,,User,,batch_256_w60_20251121_143535,,LOCAL,,,,,,,,,,,,,,,,,,,,,,,,,,,,,,,,,,145540.0,batch_256_w60,[32],[32],"[128, 64]",batch_sizes,
b28b75ffa9d94d1c8d4c8ef82cae4d6e,957650959281190439,FINISHED,file:///E:/Codigos/Proyecto%20Final/mlruns/957650959281190439/b28b75ffa9d94d1c8d4c8ef82cae4d6e/artifacts,2025-11-21 17:35:17.088000+00:00,2025-11-21 17:35:35.681000+00:00,0.5209124088287354,0.5356881022453308,5069.291292219387,,,,,0.5055804252624512,,0.0010000000474974513,1.7475433349609375,30.0,,0.5092403888702393,1.7475433349609375,,0.5116862654685974,1.3968331813812256,7957.294977678572,0.46704673767089844,0.5609201192855835,0.7447537779808044,1.3968331813812256,0.4988124370574951,6675.453421442144,0.4407085180282593,0.41417789459228516,11240.814646033255,7.623152429230359,0.4781484305858612,0.5135943293571472,8.781696206696179,0.5251070261001587,0.6109054684638977,0.5102189183235168,12.35849751630559,10.93538491693015,1.0,0.5,256,7,0.5,,,30,,,1.0,0.001,adam,,30,499c4126ba318eb885e3a38eafb0ea080c91590e,,src/train/experiment_multimodal_grid_search.py,,User,,batch_256_w30_20251121_143517,,LOCAL,,,,,,,,,,,,,,,,,,,,,,,,,,,,,,,,,,145540.0,batch_256_w30,[32],[32],"[128, 64]",batch_sizes,
09499ac3a06e442c9b59d08994a26f8b,957650959281190439,FINISHED,file:///E:/Codigos/Proyecto%20Final/mlruns/957650959281190439/09499ac3a06e442c9b59d08994a26f8b/artifacts,2025-11-21 17:35:03.552000+00:00,2025-11-21 17:35:17.066000+00:00,0.5120373368263245,0.4760536253452301,5007.35292646416,,,,,0.8869950175285339,,0.0010000000474974513,1.737853765487671,30.0,,0.5097292065620422,1.737853765487671,,0.5159026980400085,1.741783857345581,7670.163871284965,0.4908212721347809,0.6039667725563049,0.8033249974250793,1.741783857345581,0.49856695532798767,6500.844086321659,0.48652181029319763,0.4792931079864502,11622.44045315227,7.882348959024373,0.45525211095809937,0.4824995994567871,9.15277082841475,0.5303316712379456,0.6075936555862427,0.5023060441017151,12.331791587963368,10.739964396520971,1.0,0.5,256,7,0.5,,,15,,,1.0,0.001,adam,,30,499c4126ba318eb885e3a38eafb0ea080c91590e,,src/train/experiment_multimodal_grid_search.py,,User,,batch_256_w15_20251121_143503,,LOCAL,,,,,,,,,,,,,,,,,,,,,,,,,,,,,,,,,,145540.0,batch_256_w15,[32],[32],"[128, 64]",batch_sizes,
efff3299b5364ad08d9fa626998cbceb,957650959281190439,FINISHED,file:///E:/Codigos/Proyecto%20Final/mlruns/957650959281190439/efff3299b5364ad08d9fa626998cbceb/artifacts,2025-11-21 17:33:31.357000+00:00,2025-11-21 17:35:03.529000+00:00,0.47970181703567505,0.5089920163154602,5527.039528263755,,,,,0.34043824672698975,,0.0005000000237487257,1.575462818145752,30.0,,0.5025020241737366,1.575462818145752,,0.501858115196228,1.2031230926513672,6964.522302576013,0.46220338344573975,0.430768758058548,0.6143742799758911,1.2031230926513672,0.4702529311180115,7297.750820104605,0.467761754989624,0.4301657974720001,9568.73456388398,7.737731211894268,0.4574366509914398,0.49831169843673706,9.147601816184732,0.5122842788696289,0.5553417801856995,0.4879406690597534,13.033445221181983,11.438873234173519,1.0,0.5,128,7,0.5,,,360,,,1.0,0.001,adam,,30,499c4126ba318eb885e3a38eafb0ea080c91590e,,src/train/experiment_multimodal_grid_search.py,,User,,batch_128_w360_20251121_143331,,LOCAL,,,,,,,,,,,,,,,,,,,,,,,,,,,,,,,,,,145540.0,batch_128_w360,[32],[32],"[128, 64]",batch_sizes,
1bbcfb1ca2114cb9803f4a94e5eda66c,957650959281190439,FINISHED,file:///E:/Codigos/Proyecto%20Final/mlruns/957650959281190439/1bbcfb1ca2114cb9803f4a94e5eda66c/artifacts,2025-11-21 17:32:27.866000+00:00,2025-11-21 17:33:31.335000+00:00,0.5315297842025757,0.498196005821228,6830.050822840743,,,,,0.6797816753387451,,0.0010000000474974513,1.821779489517212,30.0,,0.5184844136238098,1.821779489517212,,0.537653923034668,1.6758347749710083,8335.578065210459,0.5673725605010986,0.5868192911148071,0.705677330493927,1.6758347749710083,0.5135018825531006,8543.161944651916,0.5466510057449341,0.5114271640777588,11328.256503826016,8.640919265524639,0.6149693131446838,0.5040699243545532,10.308082647295803,0.6310113668441772,0.6121177077293396,0.4958450198173523,13.836428154313891,11.878402872818725,1.0,0.5,128,7,0.5,,,240,,,1.0,0.001,adam,,30,499c4126ba318eb885e3a38eafb0ea080c91590e,,src/train/experiment_multimodal_grid_search.py,,User,,batch_128_w240_20251121_143227,,LOCAL,,,,,,,,,,,,,,,,,,,,,,,,,,,,,,,,,,145540.0,batch_128_w240,[32],[32],"[128, 64]",batch_sizes,
9479ce8d0b28434fb68a995585e5781b,957650959281190439,FINISHED,file:///E:/Codigos/Proyecto%20Final/mlruns/957650959281190439/9479ce8d0b28434fb68a995585e5781b/artifacts,2025-11-21 17:31:41.820000+00:00,2025-11-21 17:32:27.843000+00:00,0.4725430905818939,0.5220878720283508,5331.380924784104,,,,,0.5230756402015686,,0.0010000000474974513,2.186199426651001,30.0,,0.5115364789962769,2.186199426651001,,0.49521303176879883,1.3526395559310913,8827.788358094262,0.41770339012145996,0.5177686214447021,1.1959413290023804,1.3526395559310913,0.4588388204574585,6891.343799886725,0.41339007019996643,0.4093281030654907,13959.135557104268,7.619485841701962,0.4662638008594513,0.5259008407592773,9.114276251692402,0.5282647609710693,0.6915894150733948,0.49432235956192017,12.921042094453329,11.137487303680265,1.0,0.5,128,7,0.5,,,120,,,1.0,0.001,adam,,30,499c4126ba318eb885e3a38eafb0ea080c91590e,,src/train/experiment_multimodal_grid_search.py,,User,,batch_128_w120_20251121_143141,,LOCAL,,,,,,,,,,,,,,,,,,,,,,,,,,,,,,,,,,145540.0,batch_128_w120,[32],[32],"[128, 64]",batch_sizes,
86768f509693427e92f84bdf89ffc065,957650959281190439,FINISHED,file:///E:/Codigos/Proyecto%20Final/mlruns/957650959281190439/86768f509693427e92f84bdf89ffc065/artifacts,2025-11-21 17:31:14.198000+00:00,2025-11-21 17:31:41.756000+00:00,0.4903196394443512,0.4928867518901825,4476.055929021188,,,,,0.443347305059433,,0.0005000000237487257,1.1834592819213867,30.0,,0.469490647315979,1.1834592819213867,,0.4993279278278351,1.299329400062561,6578.8227757695895,0.465670645236969,0.524140477180481,0.5086440443992615,1.299329400062561,0.47454798221588135,5850.355962325178,0.4646926820278168,0.43514448404312134,8577.35759396498,6.789951003182418,0.4879154562950134,0.5074530839920044,8.094993993925895,0.4577995836734772,0.5012004375457764,0.4547104835510254,10.904709024225783,9.406855595205812,1.0,0.5,128,7,0.5,,,60,,,1.0,0.001,adam,,30,499c4126ba318eb885e3a38eafb0ea080c91590e,,src/train/experiment_multimodal_grid_search.py,,User,,batch_128_w60_20251121_143114,,LOCAL,,,,,,,,,,,,,,,,,,,,,,,,,,,,,,,,,,145540.0,batch_128_w60,[32],[32],"[128, 64]",batch_sizes,
33bede59aef84ca398409f68e29adf34,957650959281190439,FINISHED,file:///E:/Codigos/Proyecto%20Final/mlruns/957650959281190439/33bede59aef84ca398409f68e29adf34/artifacts,2025-11-21 17:30:53.583000+00:00,2025-11-21 17:31:14.173000+00:00,0.4913727641105652,0.4516826272010803,4729.933085124362,,,,,0.6444288492202759,,0.0010000000474974513,1.693838357925415,30.0,,0.4929696321487427,1.693838357925415,,0.47563832998275757,1.5059640407562256,7849.011286272322,0.4077906608581543,0.5614247918128967,0.5896660089492798,1.5059640407562256,0.4778722822666168,6415.819229619135,0.40013250708580017,0.3652046322822571,11124.485520508284,7.544775472368513,0.39293473958969116,0.42690786719322205,8.659511616765236,0.5141623616218567,0.6014111638069153,0.49255135655403137,12.205535755044403,10.829174143092652,1.0,0.5,128,7,0.5,,,30,,,1.0,0.001,adam,,30,499c4126ba318eb885e3a38eafb0ea080c91590e,,src/train/experiment_multimodal_grid_search.py,,User,,batch_128_w30_20251121_143053,,LOCAL,,,,,,,,,,,,,,,,,,,,,,,,,,,,,,,,,,145540.0,batch_128_w30,[32],[32],"[128, 64]",batch_sizes,
4d8cd6769e084074a0779b520dd896b6,957650959281190439,FINISHED,file:///E:/Codigos/Proyecto%20Final/mlruns/957650959281190439/4d8cd6769e084074a0779b520dd896b6/artifacts,2025-11-21 17:30:38.842000+00:00,2025-11-21 17:30:53.563000+00:00,0.48822203278541565,0.5409584045410156,4829.118116399225,,,,,0.7046946883201599,,0.0010000000474974513,1.5952059030532837,30.0,,0.48109158873558044,1.5952059030532837,,0.47981053590774536,1.6340044736862183,7649.573330965909,0.49732986092567444,0.572765588760376,0.6319762468338013,1.6340044736862183,0.4799104928970337,6349.9075098044705,0.5036736130714417,0.4382665753364563,11560.891285167496,7.41049114688412,0.4685227870941162,0.5275669693946838,8.69356289919797,0.4849906265735626,0.5716488361358643,0.471653550863266,12.023982407748475,10.439682167346515,1.0,0.5,128,7,0.5,,,15,,,1.0,0.001,adam,,30,499c4126ba318eb885e3a38eafb0ea080c91590e,,src/train/experiment_multimodal_grid_search.py,,User,,batch_128_w15_20251121_143038,,LOCAL,,,,,,,,,,,,,,,,,,,,,,,,,,,,,,,,,,145540.0,batch_128_w15,[32],[32],"[128, 64]",batch_sizes,
87b47b5bbc3b47d89374fe5c8860ef91,957650959281190439,FINISHED,file:///E:/Codigos/Proyecto%20Final/mlruns/957650959281190439/87b47b5bbc3b47d89374fe5c8860ef91/artifacts,2025-11-21 17:29:14.115000+00:00,2025-11-21 17:30:38.820000+00:00,0.5317866802215576,0.40055543184280396,5700.215305894063,,,,,0.33293449878692627,,0.0002500000118743628,1.5289241075515747,30.0,,0.5213974118232727,1.5289241075515747,,0.5001190304756165,1.2415134906768799,7096.746252111487,0.4997766613960266,0.4298304617404938,0.48614048957824707,1.2415134906768799,0.5027656555175781,7418.571416886254,0.4814217686653137,0.42356520891189575,10015.814196661064,7.7922986814874475,0.4157930314540863,0.4026821553707123,9.74698354654791,0.5157391428947449,0.5242574214935303,0.4849235415458679,13.481421718929582,11.526087232125766,1.0,0.5,64,7,0.5,,,360,,,1.0,0.001,adam,,30,499c4126ba318eb885e3a38eafb0ea080c91590e,,src/train/experiment_multimodal_grid_search.py,,User,,batch_64_w360_20251121_142914,,LOCAL,,,,,,,,,,,,,,,,,,,,,,,,,,,,,,,,,,145540.0,batch_64_w360,[32],[32],"[128, 64]",batch_sizes,
cf129b450f934a688188b75e7ea8ddef,957650959281190439,FINISHED,file:///E:/Codigos/Proyecto%20Final/mlruns/957650959281190439/cf129b450f934a688188b75e7ea8ddef/artifacts,2025-11-21 17:28:10.212000+00:00,2025-11-21 17:29:14.093000+00:00,0.5335091948509216,0.46670275926589966,5616.024057534621,,,,,0.6356980204582214,,0.0005000000237487257,1.6036521196365356,30.0,,0.49382728338241577,1.6036521196365356,,0.5251955986022949,1.6224194765090942,7420.2323222257655,0.4395256042480469,0.5600997805595398,0.5773125886917114,1.6224194765090942,0.508366048336029,7477.077267363153,0.42416316270828247,0.4322923719882965,10757.585584774773,8.4326599832874,0.4827158451080322,0.4675042927265167,9.709625822462076,0.5290307998657227,0.551099956035614,0.49085772037506104,13.480054148879244,11.740934329928852,1.0,0.5,64,7,0.5,,,240,,,1.0,0.001,adam,,30,499c4126ba318eb885e3a38eafb0ea080c91590e,,src/train/experiment_multimodal_grid_search.py,,User,,batch_64_w240_20251121_142810,,LOCAL,,,,,,,,,,,,,,,,,,,,,,,,,,,,,,,,,,145540.0,batch_64_w240,[32],[32],"[128, 64]",batch_sizes,
4fa89f3476a84fcd8686184a5b80fde0,957650959281190439,FINISHED,file:///E:/Codigos/Proyecto%20Final/mlruns/957650959281190439/4fa89f3476a84fcd8686184a5b80fde0/artifacts,2025-11-21 17:27:29.798000+00:00,2025-11-21 17:28:10.191000+00:00,0.46667832136154175,0.5256174802780151,5075.251365046839,,,,,0.5135065317153931,,0.0010000000474974513,2.162271499633789,30.0,,0.5125787258148193,2.162271499633789,,0.47047439217567444,1.3154085874557495,8455.064309042009,0.41158702969551086,0.5118343830108643,1.2118299007415771,1.3154085874557495,0.45255061984062195,6748.4062525285635,0.40615183115005493,0.388555645942688,13838.91041470458,7.69710119546716,0.4477623403072357,0.5298110842704773,9.109298219167096,0.5057944059371948,0.6743707656860352,0.4951915442943573,12.955917538788123,11.185275106995482,1.0,0.5,64,7,0.5,,,120,,,1.0,0.001,adam,,30,499c4126ba318eb885e3a38eafb0ea080c91590e,,src/train/experiment_multimodal_grid_search.py,,User,,batch_64_w120_20251121_142729,,LOCAL,,,,,,,,,,,,,,,,,,,,,,,,,,,,,,,,,,145540.0,batch_64_w120,[32],[32],"[128, 64]",batch_sizes,
dff3f4e79a70405480dd3e330454565d,957650959281190439,FINISHED,file:///E:/Codigos/Proyecto%20Final/mlruns/957650959281190439/dff3f4e79a70405480dd3e330454565d/artifacts,2025-11-21 17:27:03.446000+00:00,2025-11-21 17:27:29.777000+00:00,0.4872223436832428,0.4513328969478607,4490.9093643223605,,,,,0.7026161551475525,,0.0010000000474974513,1.354629635810852,30.0,,0.4439530372619629,1.354629635810852,,0.4803118109703064,1.5715450048446655,6906.6969303871265,0.429042786359787,0.5739768147468567,0.6056227087974548,1.5715450048446655,0.46805480122566223,5856.374878165596,0.4241422414779663,0.38807040452957153,10241.636159125015,6.526268611330468,0.44087767601013184,0.45866158604621887,7.654672667415919,0.45931875705718994,0.5261791944503784,0.4370521306991577,10.718608218721302,9.297663304163214,1.0,0.5,64,7,0.5,,,60,,,1.0,0.001,adam,,30,499c4126ba318eb885e3a38eafb0ea080c91590e,,src/train/experiment_multimodal_grid_search.py,,User,,batch_64_w60_20251121_142703,,LOCAL,,,,,,,,,,,,,,,,,,,,,,,,,,,,,,,,,,145540.0,batch_64_w60,[32],[32],"[128, 64]",batch_sizes,
9121bcf8c9dd4d768e76cbb9afd83947,957650959281190439,FINISHED,file:///E:/Codigos/Proyecto%20Final/mlruns/957650959281190439/9121bcf8c9dd4d768e76cbb9afd83947/artifacts,2025-11-21 17:26:45.410000+00:00,2025-11-21 17:27:03.426000+00:00,0.4834940433502197,0.4617149829864502,4577.000281552934,,,,,0.6760855913162231,,0.0010000000474974513,1.6295965909957886,30.0,,0.48164933919906616,1.6295965909957886,,0.46295323967933655,1.4702012538909912,7391.906305803572,0.4270536005496979,0.5401186943054199,0.6155428290367126,1.4702012538909912,0.4770212471485138,6344.448171244386,0.4256708323955536,0.3733385503292084,10802.207499145727,7.081801589654416,0.41100645065307617,0.4434216320514679,8.053558267865862,0.49373099207878113,0.573060929775238,0.47782641649246216,11.911175857631534,10.525164481455406,1.0,0.5,64,7,0.5,,,30,,,1.0,0.001,adam,,30,499c4126ba318eb885e3a38eafb0ea080c91590e,,src/train/experiment_multimodal_grid_search.py,,User,,batch_64_w30_20251121_142645,,LOCAL,,,,,,,,,,,,,,,,,,,,,,,,,,,,,,,,,,145540.0,batch_64_w30,[32],[32],"[128, 64]",batch_sizes,
f8962ff028f14de695a0845bf902a9e2,957650959281190439,FINISHED,file:///E:/Codigos/Proyecto%20Final/mlruns/957650959281190439/f8962ff028f14de695a0845bf902a9e2/artifacts,2025-11-21 17:26:30.668000+00:00,2025-11-21 17:26:45.390000+00:00,0.4939460754394531,0.5172720551490784,4811.2066917301445,,,,,0.5460475087165833,,0.0010000000474974513,1.4928780794143677,30.0,,0.4816018342971802,1.4928780794143677,,0.4926214814186096,1.4889280796051025,7556.8053430944055,0.4819079041481018,0.5492887496948242,0.6179279685020447,1.4889280796051025,0.487162321805954,6324.936679845567,0.4909977912902832,0.45340681076049805,10653.378071633684,7.611269589785214,0.44089630246162415,0.49531984329223633,8.702782732861621,0.4831918179988861,0.5647162795066833,0.4844323992729187,12.099702463212813,10.688538214214145,1.0,0.5,64,7,0.5,,,15,,,1.0,0.001,adam,,30,499c4126ba318eb885e3a38eafb0ea080c91590e,,src/train/experiment_multimodal_grid_search.py,,User,,batch_64_w15_20251121_142630,,LOCAL,,,,,,,,,,,,,,,,,,,,,,,,,,,,,,,,,,145540.0,batch_64_w15,[32],[32],"[128, 64]",batch_sizes,
ba018d1f1d28446495ebf0cea6194ad8,957650959281190439,FINISHED,file:///E:/Codigos/Proyecto%20Final/mlruns/957650959281190439/ba018d1f1d28446495ebf0cea6194ad8/artifacts,2025-11-21 17:25:00.979000+00:00,2025-11-21 17:26:30.646000+00:00,0.4811859130859375,0.44300997257232666,5389.070758355453,,,,,0.3317612111568451,,0.0005000000237487257,1.3786797523498535,30.0,,0.4816068708896637,1.3786797523498535,,0.480813205242157,1.1750179529190063,6649.0107949746625,0.4300263524055481,0.41445446014404297,0.42745745182037354,1.1750179529190063,0.4676106870174408,7206.322030560298,0.4289095997810364,0.38826048374176025,9121.974602264761,7.602816629593896,0.39830803871154785,0.4345180094242096,8.941381233539362,0.4920158386230469,0.49139997363090515,0.4708603024482727,12.930476755515029,11.389378460545068,1.0,0.5,32,7,0.5,,,360,,,1.0,0.001,adam,,30,499c4126ba318eb885e3a38eafb0ea080c91590e,,src/train/experiment_multimodal_grid_search.py,,User,,batch_32_w360_20251121_142500,,LOCAL,,,,,,,,,,,,,,,,,,,,,,,,,,,,,,,,,,145540.0,batch_32_w360,[32],[32],"[128, 64]",batch_sizes,
5da01d355dbf41ca8f8b7060bc1e57cd,957650959281190439,FINISHED,file:///E:/Codigos/Proyecto%20Final/mlruns/957650959281190439/5da01d355dbf41ca8f8b7060bc1e57cd/artifacts,2025-11-21 17:23:28.248000+00:00,2025-11-21 17:25:00.955000+00:00,0.5100225806236267,0.36034321784973145,5089.843281614432,,,,,0.6208985447883606,,0.0005000000237487257,1.4670389890670776,30.0,,0.4624154269695282,1.4670389890670776,,0.5039615631103516,1.5388238430023193,7118.032087053572,0.4440996050834656,0.5257081389427185,0.445978581905365,1.5388238430023193,0.48796939849853516,7036.511027776779,0.43442198634147644,0.41638249158859253,10439.975218957157,7.285937278680828,0.324759840965271,0.3540417551994324,8.652773770924558,0.46942150592803955,0.5063474774360657,0.45919695496559143,13.075881441386421,11.334205477240605,1.0,0.5,32,7,0.5,,,240,,,1.0,0.001,adam,,30,499c4126ba318eb885e3a38eafb0ea080c91590e,,src/train/experiment_multimodal_grid_search.py,,User,,batch_32_w240_20251121_142328,,LOCAL,,,,,,,,,,,,,,,,,,,,,,,,,,,,,,,,,,145540.0,batch_32_w240,[32],[32],"[128, 64]",batch_sizes,
44c0a07837724e82b55c7970c1a3caf5,957650959281190439,FINISHED,file:///E:/Codigos/Proyecto%20Final/mlruns/957650959281190439/44c0a07837724e82b55c7970c1a3caf5/artifacts,2025-11-21 17:22:31.025000+00:00,2025-11-21 17:23:28.220000+00:00,0.46298858523368835,0.537287712097168,5163.127127085772,,,,,0.5615316033363342,,0.0010000000474974513,2.166430950164795,30.0,,0.5122098922729492,2.166430950164795,,0.46721458435058594,1.3225778341293335,8370.128153816599,0.46193182468414307,0.5165401101112366,1.2351067066192627,1.3225778341293335,0.45120319724082947,6782.315912842367,0.4635673463344574,0.4134981334209442,13816.114117563786,7.816529696104956,0.46329593658447266,0.5393126010894775,9.138786105975614,0.5129084587097168,0.6611136794090271,0.4995267391204834,12.956824008457804,11.222204367161877,1.0,0.5,32,7,0.5,,,120,,,1.0,0.001,adam,,30,499c4126ba318eb885e3a38eafb0ea080c91590e,,src/train/experiment_multimodal_grid_search.py,,User,,batch_32_w120_20251121_142231,,LOCAL,,,,,,,,,,,,,,,,,,,,,,,,,,,,,,,,,,145540.0,batch_32_w120,[32],[32],"[128, 64]",batch_sizes,
8c74aee2bff14c77bc3cc9576ba4d4ff,957650959281190439,FINISHED,file:///E:/Codigos/Proyecto%20Final/mlruns/957650959281190439/8c74aee2bff14c77bc3cc9576ba4d4ff/artifacts,2025-11-21 17:21:54.806000+00:00,2025-11-21 17:22:31.004000+00:00,0.4834422767162323,0.4220101237297058,4311.438499400319,,,,,0.7152086496353149,,0.0005000000237487257,1.3235538005828857,30.0,,0.43292585015296936,1.3235538005828857,,0.47269564867019653,1.5469928979873657,6683.016645289179,0.43462175130844116,0.5642227530479431,0.5748319625854492,1.5469928979873657,0.46810075640678406,5731.323113410123,0.42927286028862,0.39348578453063965,10125.26577286742,6.487806165650456,0.3902438282966614,0.42159122228622437,7.464540892318367,0.44096294045448303,0.509138286113739,0.43447643518447876,10.657074767555835,9.298877243703535,1.0,0.5,32,7,0.5,,,60,,,1.0,0.001,adam,,30,499c4126ba318eb885e3a38eafb0ea080c91590e,,src/train/experiment_multimodal_grid_search.py,,User,,batch_32_w60_20251121_142154,,LOCAL,,,,,,,,,,,,,,,,,,,,,,,,,,,,,,,,,,145540.0,batch_32_w60,[32],[32],"[128, 64]",batch_sizes,
36d497f4823c4edbbc79ecd07780cbc2,957650959281190439,FINISHED,file:///E:/Codigos/Proyecto%20Final/mlruns/957650959281190439/36d497f4823c4edbbc79ecd07780cbc2/artifacts,2025-11-21 17:21:28.502000+00:00,2025-11-21 17:21:54.784000+00:00,0.4772457480430603,0.46949225664138794,4582.933271348852,,,,,0.6857407093048096,,0.0005000000237487257,1.6344271898269653,30.0,,0.45832961797714233,1.6344271898269653,,0.4622969627380371,1.4829593896865845,7517.475823102679,0.4099409580230713,0.5552369356155396,0.6760229468345642,1.4829593896865845,0.4669800400733948,6331.601695031097,0.40831345319747925,0.36610227823257446,10994.23218699061,6.941445015887824,0.42239195108413696,0.45314502716064453,8.002236642642899,0.48950207233428955,0.5831899642944336,0.45950764417648315,11.878084420169074,10.461933353268256,1.0,0.5,32,7,0.5,,,30,,,1.0,0.001,adam,,30,499c4126ba318eb885e3a38eafb0ea080c91590e,,src/train/experiment_multimodal_grid_search.py,,User,,batch_32_w30_20251121_142128,,LOCAL,,,,,,,,,,,,,,,,,,,,,,,,,,,,,,,,,,145540.0,batch_32_w30,[32],[32],"[128, 64]",batch_sizes,
e9aba958f30f44f081dcc0604ef40ae4,957650959281190439,FINISHED,file:///E:/Codigos/Proyecto%20Final/mlruns/957650959281190439/e9aba958f30f44f081dcc0604ef40ae4/artifacts,2025-11-21 17:21:08.402000+00:00,2025-11-21 17:21:28.476000+00:00,0.48170989751815796,0.46441611647605896,4762.414429211413,,,,,0.70572829246521,,0.0010000000474974513,1.565459132194519,30.0,,0.4641897678375244,1.565459132194519,,0.4771180748939514,1.6068909168243408,7379.427693400349,0.4716840982437134,0.5629538297653198,0.708957314491272,1.6068909168243408,0.47130802273750305,6278.42874542293,0.47304072976112366,0.42134949564933777,11447.314769791026,7.166215445016409,0.40740737318992615,0.4535313546657562,8.409107067249158,0.4667109251022339,0.5539034605026245,0.4593508541584015,11.882084715626933,10.363316258095969,1.0,0.5,32,7,0.5,,,15,,,1.0,0.001,adam,,30,499c4126ba318eb885e3a38eafb0ea080c91590e,,src/train/experiment_multimodal_grid_search.py,,User,,batch_32_w15_20251121_142108,,LOCAL,,,,,,,,,,,,,,,,,,,,,,,,,,,,,,,,,,145540.0,batch_32_w15,[32],[32],"[128, 64]",batch_sizes,
c4dd15ba06344e47a873d24741d8ec32,887529784181777029,FINISHED,file:///E:/Codigos/Proyecto%20Final/mlruns/887529784181777029/c4dd15ba06344e47a873d24741d8ec32/artifacts,2025-11-21 16:49:35.096000+00:00,2025-11-21 16:51:27.199000+00:00,0.481467068195343,0.5015997886657715,5659.119984194015,,,,,0.33950111269950867,,0.0010000000474974513,1.4968546628952026,30.0,,0.48897314071655273,1.4968546628952026,,0.5046929121017456,1.2249641418457031,7032.4346230996625,0.43777644634246826,0.4320635497570038,0.5497697591781616,1.2249641418457031,0.4803987741470337,7400.837740942629,0.43814191222190857,0.4270412027835846,9708.22810796144,7.672777919695643,0.45071956515312195,0.49113088846206665,9.117821262610006,0.5110962986946106,0.5220683813095093,0.47344785928726196,13.056267716900145,11.433007209447874,1.0,0.5,128,7,0.5,,,360,,,1.0,0.001,adamw,,30,499c4126ba318eb885e3a38eafb0ea080c91590e,,src/train/experiment_multimodal_grid_search.py,,User,,adamw_0.001_w360_20251121_134935,,LOCAL,,,,,,,,,,,,,,,,,,,,,,,,,,,,,,,,,,145540.0,adamw_0.001_w360,[32],[32],"[128, 64]",optimizers,
5a52b69e0ebd4a6085ca3bdbb99df5d6,887529784181777029,FINISHED,file:///E:/Codigos/Proyecto%20Final/mlruns/887529784181777029/5a52b69e0ebd4a6085ca3bdbb99df5d6/artifacts,2025-11-21 16:48:12.919000+00:00,2025-11-21 16:49:35.075000+00:00,0.5494293570518494,0.5021216869354248,6732.745101539724,,,,,0.6301092505455017,,0.0005000000237487257,1.8367946147918701,28.0,,0.4892289936542511,1.8367946147918701,,0.5696308016777039,1.755110263824463,8509.278360172193,0.41287875175476074,0.6262192726135254,0.7606384754180908,1.755110263824463,0.5412380695343018,8283.643769408442,0.42243409156799316,0.4293111562728882,11198.384662911494,8.291583964845529,0.5816644430160522,0.48686158657073975,9.894809678414124,0.6215412020683289,0.650231659412384,0.4993680417537689,13.600404982156805,11.755301933153278,1.0,0.5,128,7,0.5,,,240,,,1.0,0.001,adamw,,30,499c4126ba318eb885e3a38eafb0ea080c91590e,,src/train/experiment_multimodal_grid_search.py,,User,,adamw_0.001_w240_20251121_134812,,LOCAL,,,,,,,,,,,,,,,,,,,,,,,,,,,,,,,,,,145540.0,adamw_0.001_w240,[32],[32],"[128, 64]",optimizers,
e8d0d3007a4341f1a2ac2551d47ab04b,887529784181777029,FINISHED,file:///E:/Codigos/Proyecto%20Final/mlruns/887529784181777029/e8d0d3007a4341f1a2ac2551d47ab04b/artifacts,2025-11-21 16:47:19.383000+00:00,2025-11-21 16:48:12.899000+00:00,0.49119147658348083,0.5515413880348206,5556.360641320257,,,,,0.4525719881057739,,0.0010000000474974513,1.7183609008789062,30.0,,0.5482854843139648,1.7183609008789062,,0.4855215847492218,1.27912175655365,7333.494236680328,0.43417373299598694,0.5131675004959106,0.6844046115875244,1.27912175655365,0.4780452251434326,7092.677223631359,0.4258585572242737,0.3976892828941345,9527.949717884383,8.329065841031577,0.4811949133872986,0.5539813041687012,9.759008063644659,0.5439775586128235,0.6082425117492676,0.5411449074745178,13.2678237230568,11.453883435598355,1.0,0.5,128,7,0.5,,,120,,,1.0,0.001,adamw,,30,499c4126ba318eb885e3a38eafb0ea080c91590e,,src/train/experiment_multimodal_grid_search.py,,User,,adamw_0.001_w120_20251121_134719,,LOCAL,,,,,,,,,,,,,,,,,,,,,,,,,,,,,,,,,,145540.0,adamw_0.001_w120,[32],[32],"[128, 64]",optimizers,
ced9c67a21e2488ca3bc4487e0b60732,887529784181777029,FINISHED,file:///E:/Codigos/Proyecto%20Final/mlruns/887529784181777029/ced9c67a21e2488ca3bc4487e0b60732/artifacts,2025-11-21 16:46:44.002000+00:00,2025-11-21 16:47:19.362000+00:00,0.5018755197525024,0.49718794226646423,4809.245713969217,,,,,0.4569304585456848,,0.0010000000474974513,1.2227627038955688,30.0,,0.4686620831489563,1.2227627038955688,,0.5155903100967407,1.3325130939483643,6659.295606926306,0.5154851675033569,0.5347026586532593,0.5084500312805176,1.3325130939483643,0.4899705648422241,6120.850200717356,0.515380859375,0.4701719284057617,8573.634114901293,6.9842138026060585,0.5056459307670593,0.5092248320579529,8.080708066537692,0.49187737703323364,0.5073311924934387,0.4677199125289917,10.95075163624651,9.50374629533908,1.0,0.5,128,7,0.5,,,60,,,1.0,0.001,adamw,,30,499c4126ba318eb885e3a38eafb0ea080c91590e,,src/train/experiment_multimodal_grid_search.py,,User,,adamw_0.001_w60_20251121_134643,,LOCAL,,,,,,,,,,,,,,,,,,,,,,,,,,,,,,,,,,145540.0,adamw_0.001_w60,[32],[32],"[128, 64]",optimizers,
b3f51c1f2c2245578f4be64c9e5b59c4,887529784181777029,FINISHED,file:///E:/Codigos/Proyecto%20Final/mlruns/887529784181777029/b3f51c1f2c2245578f4be64c9e5b59c4/artifacts,2025-11-21 16:46:21.626000+00:00,2025-11-21 16:46:43.977000+00:00,0.4821910262107849,0.4386695623397827,4717.023784454719,,,,,0.64647376537323,,0.0010000000474974513,1.6423842906951904,30.0,,0.4816054105758667,1.6423842906951904,,0.4839358329772949,1.4983737468719482,7697.614760044643,0.41790571808815,0.5502006411552429,0.5854602456092834,1.4983737468719482,0.46899956464767456,6421.891533862146,0.4193058907985687,0.3830493688583374,10954.018527832599,7.159790389391841,0.3884510397911072,0.4184757173061371,8.305139802426709,0.48861709237098694,0.5909690856933594,0.4792059659957886,12.020369171227692,10.55844642001487,1.0,0.5,128,7,0.5,,,30,,,1.0,0.001,adamw,,30,499c4126ba318eb885e3a38eafb0ea080c91590e,,src/train/experiment_multimodal_grid_search.py,,User,,adamw_0.001_w30_20251121_134621,,LOCAL,,,,,,,,,,,,,,,,,,,,,,,,,,,,,,,,,,145540.0,adamw_0.001_w30,[32],[32],"[128, 64]",optimizers,
d05d7b9974ac413fbc25d21cfbd9f00d,887529784181777029,FINISHED,file:///E:/Codigos/Proyecto%20Final/mlruns/887529784181777029/d05d7b9974ac413fbc25d21cfbd9f00d/artifacts,2025-11-21 16:46:04.697000+00:00,2025-11-21 16:46:21.606000+00:00,0.4960525333881378,0.5422974228858948,4819.931760052448,,,,,0.6822543144226074,,0.0005000000237487257,1.6056838035583496,30.0,,0.4837017059326172,1.6056838035583496,,0.48892703652381897,1.6638758182525635,7715.49524694056,0.4572810232639313,0.5832129716873169,0.6459340453147888,1.6638758182525635,0.48842912912368774,6353.7206788715075,0.4617406725883484,0.41988807916641235,11623.742927955043,7.430753824117775,0.46990999579429626,0.5280250906944275,8.740727457966837,0.4840680658817291,0.5765751004219055,0.47294318675994873,12.049403425239989,10.461284844252368,1.0,0.5,128,7,0.5,,,15,,,1.0,0.001,adamw,,30,499c4126ba318eb885e3a38eafb0ea080c91590e,,src/train/experiment_multimodal_grid_search.py,,User,,adamw_0.001_w15_20251121_134604,,LOCAL,,,,,,,,,,,,,,,,,,,,,,,,,,,,,,,,,,145540.0,adamw_0.001_w15,[32],[32],"[128, 64]",optimizers,
93aa5abfae25445db9283596affa2cdb,887529784181777029,FINISHED,file:///E:/Codigos/Proyecto%20Final/mlruns/887529784181777029/93aa5abfae25445db9283596affa2cdb/artifacts,2025-11-21 16:44:05.976000+00:00,2025-11-21 16:46:04.672000+00:00,0.5276757478713989,0.5397714972496033,5646.043122918678,,,,,0.8230113387107849,,0.0005000000237487257,1.3533955812454224,30.0,,0.5142989754676819,1.3533955812454224,,0.5073212385177612,1.738956093788147,6253.697635135135,0.4878089725971222,0.5136881470680237,0.3710876703262329,1.738956093788147,0.5081803798675537,7399.063918457026,0.46972906589508057,0.4111274778842926,8209.247344806938,8.267407516715148,0.45620182156562805,0.5124407410621643,9.558454984863754,0.5128130316734314,0.4669465720653534,0.5124363303184509,13.27919345978205,11.865076330454265,1.0,0.5,128,7,0.5,,,360,,,1.0,0.001,nadam,,30,499c4126ba318eb885e3a38eafb0ea080c91590e,,src/train/experiment_multimodal_grid_search.py,,User,,nadam_0.001_w360_20251121_134405,,LOCAL,,,,,,,,,,,,,,,,,,,,,,,,,,,,,,,,,,145540.0,nadam_0.001_w360,[32],[32],"[128, 64]",optimizers,
55886f934e9441afaa065d58236c61bc,887529784181777029,FINISHED,file:///E:/Codigos/Proyecto%20Final/mlruns/887529784181777029/55886f934e9441afaa065d58236c61bc/artifacts,2025-11-21 16:42:38.146000+00:00,2025-11-21 16:44:05.955000+00:00,0.5361905097961426,0.5023881793022156,5936.27786695973,,,,,1.7091871500015259,,0.0010000000474974513,1.6119012832641602,30.0,,0.5009120106697083,1.6119012832641602,,0.5436756014823914,1.649424433708191,7632.166135204082,0.9196130633354187,0.5698721408843994,0.6228229999542236,1.649424433708191,0.5219956040382385,7637.032703373545,0.9520931243896484,0.739784836769104,10885.07497944878,8.36304721331805,0.49492147564888,0.48592543601989746,9.694396366530881,0.5468367338180542,0.5533484816551208,0.5009956955909729,13.491000766671212,11.831786583736916,1.0,0.5,128,7,0.5,,,240,,,1.0,0.001,nadam,,30,499c4126ba318eb885e3a38eafb0ea080c91590e,,src/train/experiment_multimodal_grid_search.py,,User,,nadam_0.001_w240_20251121_134238,,LOCAL,,,,,,,,,,,,,,,,,,,,,,,,,,,,,,,,,,145540.0,nadam_0.001_w240,[32],[32],"[128, 64]",optimizers,
9b6aba2ec52e4361a4677744a72a88ed,887529784181777029,FINISHED,file:///E:/Codigos/Proyecto%20Final/mlruns/887529784181777029/9b6aba2ec52e4361a4677744a72a88ed/artifacts,2025-11-21 16:41:45.176000+00:00,2025-11-21 16:42:38.126000+00:00,0.47893357276916504,0.5266445279121399,5151.2691809133485,,,,,0.5242962837219238,,0.0010000000474974513,2.156066656112671,30.0,,0.5091693997383118,2.156066656112671,,0.4713328778743744,1.3215968608856201,8540.181880763319,0.41755884885787964,0.5071471929550171,1.1797261238098145,1.3215968608856201,0.4648357629776001,6768.132424853466,0.4114264249801636,0.3795643448829651,13864.179905965411,7.687203355918723,0.44974008202552795,0.5265564322471619,9.072100364631455,0.5104182958602905,0.6690576672554016,0.4987156093120575,12.929093171443835,11.185984518383988,1.0,0.5,128,7,0.5,,,120,,,1.0,0.001,nadam,,30,499c4126ba318eb885e3a38eafb0ea080c91590e,,src/train/experiment_multimodal_grid_search.py,,User,,nadam_0.001_w120_20251121_134145,,LOCAL,,,,,,,,,,,,,,,,,,,,,,,,,,,,,,,,,,145540.0,nadam_0.001_w120,[32],[32],"[128, 64]",optimizers,
57b50533e98449b1afbacf6892f843ef,887529784181777029,FINISHED,file:///E:/Codigos/Proyecto%20Final/mlruns/887529784181777029/57b50533e98449b1afbacf6892f843ef/artifacts,2025-11-21 16:41:12.176000+00:00,2025-11-21 16:41:45.156000+00:00,0.4989490211009979,0.4997452199459076,4589.150759478277,,,,,0.5148482322692871,,0.0005000000237487257,1.380889892578125,30.0,,0.4776521921157837,1.380889892578125,,0.4925428032875061,1.3724315166473389,7162.870977145522,0.49162164330482483,0.5432884097099304,0.6038461923599243,1.3724315166473389,0.4863433837890625,5893.181329778305,0.4953545033931732,0.4632597863674164,10110.484954283465,7.206952446813522,0.4902499318122864,0.5122065544128418,8.318428531638594,0.46415597200393677,0.5442600250244141,0.47608548402786255,11.069375566818477,9.61014045120681,1.0,0.5,128,7,0.5,,,60,,,1.0,0.001,nadam,,30,499c4126ba318eb885e3a38eafb0ea080c91590e,,src/train/experiment_multimodal_grid_search.py,,User,,nadam_0.001_w60_20251121_134112,,LOCAL,,,,,,,,,,,,,,,,,,,,,,,,,,,,,,,,,,145540.0,nadam_0.001_w60,[32],[32],"[128, 64]",optimizers,
15a9543f5eab429eaf2918c188c3fed9,887529784181777029,FINISHED,file:///E:/Codigos/Proyecto%20Final/mlruns/887529784181777029/15a9543f5eab429eaf2918c188c3fed9/artifacts,2025-11-21 16:40:49.439000+00:00,2025-11-21 16:41:12.156000+00:00,0.48890620470046997,0.4333978295326233,4648.5189128507645,,,,,0.7272853255271912,,0.0010000000474974513,1.6422191858291626,30.0,,0.47416332364082336,1.6422191858291626,,0.477743923664093,1.5100572109222412,7541.196470424107,0.4250202178955078,0.5575056672096252,0.5775654911994934,1.5100572109222412,0.4766676723957062,6383.271224751009,0.41959428787231445,0.3907042145729065,11025.340564508077,7.138935637960628,0.3857244849205017,0.40518927574157715,8.176803261893136,0.48152095079421997,0.5789603590965271,0.47781017422676086,11.94957327807332,10.53208598961959,1.0,0.5,128,7,0.5,,,30,,,1.0,0.001,nadam,,30,499c4126ba318eb885e3a38eafb0ea080c91590e,,src/train/experiment_multimodal_grid_search.py,,User,,nadam_0.001_w30_20251121_134049,,LOCAL,,,,,,,,,,,,,,,,,,,,,,,,,,,,,,,,,,145540.0,nadam_0.001_w30,[32],[32],"[128, 64]",optimizers,
84197f238a3a439dacbde3924fce0bd2,887529784181777029,FINISHED,file:///E:/Codigos/Proyecto%20Final/mlruns/887529784181777029/84197f238a3a439dacbde3924fce0bd2/artifacts,2025-11-21 16:40:33.156000+00:00,2025-11-21 16:40:49.419000+00:00,0.4909464418888092,0.5391069054603577,4786.593591736389,,,,,0.783388614654541,,0.0005000000237487257,1.5870275497436523,30.0,,0.4752204716205597,1.5870275497436523,,0.48892703652381897,1.6454073190689087,7521.888344077797,0.5080280303955078,0.5761200785636902,0.6426749229431152,1.6454073190689087,0.4833577573299408,6316.738554823132,0.5148329734802246,0.4427623748779297,11536.884538998262,7.411455716524685,0.4644118845462799,0.5220414996147156,8.587468748445158,0.4807198941707611,0.5621069073677063,0.47171491384506226,11.997780409707214,10.44251114859433,1.0,0.5,128,7,0.5,,,15,,,1.0,0.001,nadam,,30,499c4126ba318eb885e3a38eafb0ea080c91590e,,src/train/experiment_multimodal_grid_search.py,,User,,nadam_0.001_w15_20251121_134033,,LOCAL,,,,,,,,,,,,,,,,,,,,,,,,,,,,,,,,,,145540.0,nadam_0.001_w15,[32],[32],"[128, 64]",optimizers,
7bff082e1a1c40099e6a43c066331905,887529784181777029,FINISHED,file:///E:/Codigos/Proyecto%20Final/mlruns/887529784181777029/7bff082e1a1c40099e6a43c066331905/artifacts,2025-11-21 16:38:49.271000+00:00,2025-11-21 16:40:33.134000+00:00,0.6209695339202881,0.836574375629425,7546.739637940394,,,,,1.0642155408859253,,0.0010000000474974513,2.4724926948547363,30.0,,0.6600005626678467,2.4724926948547363,,0.6072670221328735,2.3045363426208496,8681.64207664696,0.7135141491889954,0.5885827541351318,0.7863057851791382,2.3045363426208496,0.6258996725082397,10177.350418659042,0.7509856820106506,0.6899043917655945,11998.242084261345,10.4687580933442,0.8633756637573242,0.8090481162071228,12.253389078677852,0.6890085339546204,0.6416230201721191,0.6483548283576965,16.69933080626487,14.768444587116786,1.0,0.5,128,7,0.5,,,360,,,1.0,0.001,sgd,,30,499c4126ba318eb885e3a38eafb0ea080c91590e,,src/train/experiment_multimodal_grid_search.py,,User,,sgd_momentum_0.001_w360_20251121_133849,,LOCAL,,,,,,,,,,,,,,,,,,,,,,,,,,,,,,,,,,145540.0,sgd_momentum_0.001_w360,[32],[32],"[128, 64]",optimizers,
db136e8f176c4b29853ec1ce1b8546d7,887529784181777029,FINISHED,file:///E:/Codigos/Proyecto%20Final/mlruns/887529784181777029/db136e8f176c4b29853ec1ce1b8546d7/artifacts,2025-11-21 16:37:23.158000+00:00,2025-11-21 16:38:49.249000+00:00,0.6357351541519165,0.6191279292106628,6987.751657935496,,,,,0.7331398725509644,,0.0005000000237487257,2.12691068649292,30.0,,0.5963086485862732,2.12691068649292,,0.6571605801582336,2.285378932952881,8969.467115752552,0.584460437297821,0.6563706398010254,0.8154500126838684,2.285378932952881,0.6145913004875183,9000.755179084977,0.5796439051628113,0.7381476163864136,12455.116883308834,9.595256621914077,0.687455952167511,0.6288815140724182,11.54065494704177,0.6436961889266968,0.6503056287765503,0.5748122334480286,15.347716382758184,13.134719242744326,1.0,0.5,128,7,0.5,,,240,,,1.0,0.001,sgd,,30,499c4126ba318eb885e3a38eafb0ea080c91590e,,src/train/experiment_multimodal_grid_search.py,,User,,sgd_momentum_0.001_w240_20251121_133723,,LOCAL,,,,,,,,,,,,,,,,,,,,,,,,,,,,,,,,,,145540.0,sgd_momentum_0.001_w240,[32],[32],"[128, 64]",optimizers,
33ca14c0b45246c3968c2c6451926825,887529784181777029,FINISHED,file:///E:/Codigos/Proyecto%20Final/mlruns/887529784181777029/33ca14c0b45246c3968c2c6451926825/artifacts,2025-11-21 16:36:26.755000+00:00,2025-11-21 16:37:23.137000+00:00,0.6044415235519409,0.8189451098442078,7345.292908207699,,,,,0.7196406126022339,,0.0010000000474974513,3.222151279449463,30.0,,0.6741414666175842,3.222151279449463,,0.6022197604179382,2.0115015506744385,10207.63148373463,0.6507498025894165,0.6174898743629456,1.470203161239624,2.0115015506744385,0.5916154384613037,9787.538404624582,0.6678500175476074,0.6303297877311707,15477.195080740146,10.195298849280041,0.9405261278152466,0.8038985729217529,12.011483980844394,0.7278150320053101,0.7996894717216492,0.661431074142456,15.975197894977935,13.948991308380588,1.0,0.5,128,7,0.5,,,120,,,1.0,0.001,sgd,,30,499c4126ba318eb885e3a38eafb0ea080c91590e,,src/train/experiment_multimodal_grid_search.py,,User,,sgd_momentum_0.001_w120_20251121_133626,,LOCAL,,,,,,,,,,,,,,,,,,,,,,,,,,,,,,,,,,145540.0,sgd_momentum_0.001_w120,[32],[32],"[128, 64]",optimizers,
8e268959b587411c958c0b90e9e8df80,887529784181777029,FINISHED,file:///E:/Codigos/Proyecto%20Final/mlruns/887529784181777029/8e268959b587411c958c0b90e9e8df80/artifacts,2025-11-21 16:35:56.492000+00:00,2025-11-21 16:36:26.732000+00:00,0.5986670851707458,0.8741140365600586,5862.541588402852,,,,,0.9438125491142273,,0.0010000000474974513,2.501765489578247,30.0,,0.5864441394805908,2.501765489578247,,0.6235625147819519,2.4640445709228516,9534.434657765858,0.6640191078186035,0.6979597806930542,0.8377766609191895,2.4640445709228516,0.7339171171188354,7658.594826985893,1.0251764059066772,0.7288969159126282,13429.925520449746,12.008310456265772,0.6216679811477661,0.5899499654769897,10.111515138703368,0.5996057987213135,0.7263704538345337,0.8041744232177734,12.875064056623284,15.839431033249383,1.0,0.5,128,7,0.5,,,60,,,1.0,0.001,sgd,,30,499c4126ba318eb885e3a38eafb0ea080c91590e,,src/train/experiment_multimodal_grid_search.py,,User,,sgd_momentum_0.001_w60_20251121_133556,,LOCAL,,,,,,,,,,,,,,,,,,,,,,,,,,,,,,,,,,145540.0,sgd_momentum_0.001_w60,[32],[32],"[128, 64]",optimizers,
c3e8917cf0e84606b39aa1f1c9c92c60,887529784181777029,FINISHED,file:///E:/Codigos/Proyecto%20Final/mlruns/887529784181777029/c3e8917cf0e84606b39aa1f1c9c92c60/artifacts,2025-11-21 16:35:37.118000+00:00,2025-11-21 16:35:56.472000+00:00,0.5995683073997498,0.6863998174667358,6040.122913313136,,,,,1.0514165163040161,,0.0010000000474974513,2.5028276443481445,30.0,,0.6111319661140442,2.5028276443481445,,0.5913467407226562,2.223048686981201,9478.134807477678,0.6488742232322693,0.7029576301574707,0.9104609489440918,2.223048686981201,0.5714663863182068,8303.901995387743,0.6221531629562378,0.6139922142028809,12832.832936859306,9.070865039436184,0.5983853340148926,0.6618428230285645,10.538785537408321,0.6256715059280396,0.7276649475097656,0.6071144938468933,15.312596492507161,13.331055887348297,1.0,0.5,128,7,0.5,,,30,,,1.0,0.001,sgd,,30,499c4126ba318eb885e3a38eafb0ea080c91590e,,src/train/experiment_multimodal_grid_search.py,,User,,sgd_momentum_0.001_w30_20251121_133537,,LOCAL,,,,,,,,,,,,,,,,,,,,,,,,,,,,,,,,,,145540.0,sgd_momentum_0.001_w30,[32],[32],"[128, 64]",optimizers,
dffd1d954669447baa457ecc13b6d46e,887529784181777029,FINISHED,file:///E:/Codigos/Proyecto%20Final/mlruns/887529784181777029/dffd1d954669447baa457ecc13b6d46e/artifacts,2025-11-21 16:35:22.439000+00:00,2025-11-21 16:35:37.099000+00:00,0.6094340085983276,0.8696990013122559,6317.50980482018,,,,,0.9325519800186157,,0.0010000000474974513,2.3724331855773926,30.0,,0.6227760314941406,2.3724331855773926,,0.6049458980560303,2.299283504486084,9156.573699737763,0.6874213218688965,0.6558866500854492,0.8530178070068359,2.299283504486084,0.593018651008606,8340.528144705753,0.6943586468696594,0.6776283979415894,13109.553600791616,9.488993382715917,0.7779631018638611,0.8637633323669434,11.253870336206763,0.6344705820083618,0.6842661499977112,0.6039433479309082,15.356624082898039,13.144201666601235,1.0,0.5,128,7,0.5,,,15,,,1.0,0.001,sgd,,30,499c4126ba318eb885e3a38eafb0ea080c91590e,,src/train/experiment_multimodal_grid_search.py,,User,,sgd_momentum_0.001_w15_20251121_133522,,LOCAL,,,,,,,,,,,,,,,,,,,,,,,,,,,,,,,,,,145540.0,sgd_momentum_0.001_w15,[32],[32],"[128, 64]",optimizers,
bf0b52fbedec43f6b20e699ceee6777d,887529784181777029,FINISHED,file:///E:/Codigos/Proyecto%20Final/mlruns/887529784181777029/bf0b52fbedec43f6b20e699ceee6777d/artifacts,2025-11-21 16:33:43.733000+00:00,2025-11-21 16:35:22.416000+00:00,0.5033581852912903,0.5244914293289185,6217.445957166989,,,,,1.0301810503005981,,0.009999999776482582,1.5601260662078857,30.0,,0.5076339840888977,1.5601260662078857,,0.545265793800354,1.837681531906128,7322.288561021959,0.4632086455821991,0.5613937973976135,0.49295157194137573,1.837681531906128,0.5005789399147034,8137.141307442668,0.477732390165329,0.48223575949668884,9500.008894694523,8.121508970223799,0.5519174337387085,0.5060226321220398,9.424593995436739,0.5676454901695251,0.5411590337753296,0.5029841065406799,13.206778342740947,11.693692520722973,1.0,0.5,128,7,0.5,,,360,,,1.0,0.01,sgd,,30,499c4126ba318eb885e3a38eafb0ea080c91590e,,src/train/experiment_multimodal_grid_search.py,,User,,sgd_momentum_0.01_w360_20251121_133343,,LOCAL,,,,,,,,,,,,,,,,,,,,,,,,,,,,,,,,,,145540.0,sgd_momentum_0.01_w360,[32],[32],"[128, 64]",optimizers,
38d7c5c781394c75a6d4004ecb46f0a8,887529784181777029,FINISHED,file:///E:/Codigos/Proyecto%20Final/mlruns/887529784181777029/38d7c5c781394c75a6d4004ecb46f0a8/artifacts,2025-11-21 16:32:27.208000+00:00,2025-11-21 16:33:43.711000+00:00,0.5398797988891602,0.5182875394821167,6922.101757812501,,,,,0.7772928476333618,,0.004999999888241291,2.061565399169922,30.0,,0.5398048758506775,2.061565399169922,,0.5813851952552795,1.870359182357788,9729.155931122448,0.500255286693573,0.694409966468811,0.9200161695480347,1.870359182357788,0.527777373790741,8446.392970815798,0.48583677411079407,0.5505415201187134,13278.381613534604,8.577303800221435,0.6248650550842285,0.515080988407135,10.04598037007946,0.6519774198532104,0.709791362285614,0.5327896475791931,13.802009670289626,11.92707139256709,1.0,0.5,128,7,0.5,,,240,,,1.0,0.01,sgd,,30,499c4126ba318eb885e3a38eafb0ea080c91590e,,src/train/experiment_multimodal_grid_search.py,,User,,sgd_momentum_0.01_w240_20251121_133227,,LOCAL,,,,,,,,,,,,,,,,,,,,,,,,,,,,,,,,,,145540.0,sgd_momentum_0.01_w240,[32],[32],"[128, 64]",optimizers,
7bfa365a2baf4202aa7a737e8f01436f,887529784181777029,FINISHED,file:///E:/Codigos/Proyecto%20Final/mlruns/887529784181777029/7bfa365a2baf4202aa7a737e8f01436f/artifacts,2025-11-21 16:31:40.058000+00:00,2025-11-21 16:32:27.187000+00:00,0.510100245475769,0.5707831382751465,6524.029995114901,,,,,0.6131036281585693,,0.009999999776482582,2.5964834690093994,30.0,,0.569480836391449,2.5964834690093994,,0.5482690930366516,1.5365791320800781,9459.930632044057,0.4585345983505249,0.5794230699539185,1.317607045173645,1.5365791320800781,0.4968869388103485,8216.110368533566,0.4573575556278229,0.4772875905036926,14534.538205652772,8.781953387293939,0.7082207202911377,0.5705282092094421,10.268904612270951,0.6518732905387878,0.7424126863479614,0.5564098954200745,13.636998684881933,11.7890568635408,1.0,0.5,128,7,0.5,,,120,,,1.0,0.01,sgd,,30,499c4126ba318eb885e3a38eafb0ea080c91590e,,src/train/experiment_multimodal_grid_search.py,,User,,sgd_momentum_0.01_w120_20251121_133140,,LOCAL,,,,,,,,,,,,,,,,,,,,,,,,,,,,,,,,,,145540.0,sgd_momentum_0.01_w120,[32],[32],"[128, 64]",optimizers,
58b479078f1a4a4eb752ea7aedaf9745,887529784181777029,FINISHED,file:///E:/Codigos/Proyecto%20Final/mlruns/887529784181777029/58b479078f1a4a4eb752ea7aedaf9745/artifacts,2025-11-21 16:31:10.767000+00:00,2025-11-21 16:31:40.038000+00:00,0.5127720236778259,0.5091217756271362,5321.832926156049,,,,,0.7241411209106445,,0.009999999776482582,1.645036220550537,30.0,,0.4910450279712677,1.645036220550537,,0.5474942922592163,1.7444032430648804,8084.676684934701,0.47394639253616333,0.6212000846862793,0.6690213680267334,1.7444032430648804,0.5006781220436096,6824.189827431429,0.47015896439552307,0.47549477219581604,11241.044006343485,7.309189892018528,0.5554991364479065,0.5185094475746155,8.466636409637516,0.5443034768104553,0.6159222722053528,0.4894829988479614,11.1889330754133,9.767541432482425,1.0,0.5,128,7,0.5,,,60,,,1.0,0.01,sgd,,30,499c4126ba318eb885e3a38eafb0ea080c91590e,,src/train/experiment_multimodal_grid_search.py,,User,,sgd_momentum_0.01_w60_20251121_133110,,LOCAL,,,,,,,,,,,,,,,,,,,,,,,,,,,,,,,,,,145540.0,sgd_momentum_0.01_w60,[32],[32],"[128, 64]",optimizers,
a03723165d254b08954e9e7ce79acae4,887529784181777029,FINISHED,file:///E:/Codigos/Proyecto%20Final/mlruns/887529784181777029/a03723165d254b08954e9e7ce79acae4/artifacts,2025-11-21 16:30:48.903000+00:00,2025-11-21 16:31:10.747000+00:00,0.5210986137390137,0.4579117000102997,5401.065057573341,,,,,0.7463976144790649,,0.009999999776482582,1.9357236623764038,30.0,,0.5243422985076904,1.9357236623764038,,0.5420591831207275,1.7133265733718872,8421.400404575892,0.472922146320343,0.6062541604042053,0.7139060497283936,1.7133265733718872,0.5003380179405212,7045.148777140254,0.46368318796157837,0.49739184975624084,11538.730287714645,7.789435304914202,0.5084677934646606,0.44180214405059814,8.971564094387755,0.6029658913612366,0.6623930335044861,0.5199587941169739,12.405138314395405,10.975336624465918,1.0,0.5,128,7,0.5,,,30,,,1.0,0.01,sgd,,30,499c4126ba318eb885e3a38eafb0ea080c91590e,,src/train/experiment_multimodal_grid_search.py,,User,,sgd_momentum_0.01_w30_20251121_133048,,LOCAL,,,,,,,,,,,,,,,,,,,,,,,,,,,,,,,,,,145540.0,sgd_momentum_0.01_w30,[32],[32],"[128, 64]",optimizers,
5a339d7ad4b64ec3bb4699b4cdaeae87,887529784181777029,FINISHED,file:///E:/Codigos/Proyecto%20Final/mlruns/887529784181777029/5a339d7ad4b64ec3bb4699b4cdaeae87/artifacts,2025-11-21 16:30:34.475000+00:00,2025-11-21 16:30:48.883000+00:00,0.5178861618041992,0.6078457832336426,5465.406466627123,,,,,0.8061625361442566,,0.009999999776482582,1.8254424333572388,30.0,,0.5214871764183044,1.8254424333572388,,0.5347822904586792,1.8205217123031616,8538.112024694055,0.5036150813102722,0.6254602074623108,0.7272466421127319,1.8205217123031616,0.5130202174186707,7018.590039882385,0.5150927305221558,0.5035050511360168,12272.013370760822,8.061819143228597,0.5427294373512268,0.5887167453765869,9.417382494672076,0.5528377890586853,0.6363905668258667,0.5117887258529663,12.603538790055559,10.943299628471136,1.0,0.5,128,7,0.5,,,15,,,1.0,0.01,sgd,,30,499c4126ba318eb885e3a38eafb0ea080c91590e,,src/train/experiment_multimodal_grid_search.py,,User,,sgd_momentum_0.01_w15_20251121_133034,,LOCAL,,,,,,,,,,,,,,,,,,,,,,,,,,,,,,,,,,145540.0,sgd_momentum_0.01_w15,[32],[32],"[128, 64]",optimizers,
efe3332f196e47729aaae6064c8db518,887529784181777029,FINISHED,file:///E:/Codigos/Proyecto%20Final/mlruns/887529784181777029/efe3332f196e47729aaae6064c8db518/artifacts,2025-11-21 16:28:55.259000+00:00,2025-11-21 16:30:34.453000+00:00,0.6251720190048218,0.7670586705207825,7491.908372104245,,,,,0.6960161328315735,,9.999999747378752e-05,2.3460769653320312,30.0,,0.6531621217727661,2.3460769653320312,,0.6081915497779846,2.071549892425537,9004.044262035473,0.6770840287208557,0.5793229341506958,0.7673295736312866,2.071549892425537,0.598626971244812,9843.649899109445,0.6397426724433899,0.6061868667602539,11852.57927135513,9.921814944293049,0.8076862096786499,0.7750639319419861,12.126427860333655,0.6840024590492249,0.6654504537582397,0.6144813299179077,16.34484006748201,14.141541829439463,1.0,0.5,128,7,0.5,,,360,,,1.0,0.0001,rmsprop,,30,499c4126ba318eb885e3a38eafb0ea080c91590e,,src/train/experiment_multimodal_grid_search.py,,User,,rmsprop_0.0001_w360_20251121_132855,,LOCAL,,,,,,,,,,,,,,,,,,,,,,,,,,,,,,,,,,145540.0,rmsprop_0.0001_w360,[32],[32],"[128, 64]",optimizers,
8a349bc6a5dd42a9862d64124469f33b,887529784181777029,FINISHED,file:///E:/Codigos/Proyecto%20Final/mlruns/887529784181777029/8a349bc6a5dd42a9862d64124469f33b/artifacts,2025-11-21 16:27:38.796000+00:00,2025-11-21 16:28:55.237000+00:00,0.6150001883506775,0.5604110360145569,6935.684203944972,,,,,0.700715959072113,,9.999999747378752e-05,1.974217414855957,30.0,,0.566711962223053,1.974217414855957,,0.6379529237747192,2.0219874382019043,8804.25442442602,0.604276180267334,0.6539120078086853,0.7587321400642395,2.0219874382019043,0.5920589566230774,8755.955081228161,0.604389488697052,0.6541640162467957,12014.159095122393,9.019003826397153,0.6505699753761292,0.5694194436073303,10.967855803820553,0.6388998627662659,0.6383273601531982,0.5402913093566895,14.604123206392869,12.4963722451753,1.0,0.5,128,7,0.5,,,240,,,1.0,0.0001,rmsprop,,30,499c4126ba318eb885e3a38eafb0ea080c91590e,,src/train/experiment_multimodal_grid_search.py,,User,,rmsprop_0.0001_w240_20251121_132738,,LOCAL,,,,,,,,,,,,,,,,,,,,,,,,,,,,,,,,,,145540.0,rmsprop_0.0001_w240,[32],[32],"[128, 64]",optimizers,
a89c2132aa8b418e8667adca391c3774,887529784181777029,FINISHED,file:///E:/Codigos/Proyecto%20Final/mlruns/887529784181777029/a89c2132aa8b418e8667adca391c3774/artifacts,2025-11-21 16:26:52.880000+00:00,2025-11-21 16:27:38.772000+00:00,0.5728135108947754,0.7437111139297485,6769.619571099239,,,,,0.6849685907363892,,9.999999747378752e-05,2.9229538440704346,30.0,,0.6414061784744263,2.9229538440704346,,0.5803781151771545,1.8141103982925415,9971.772364882172,0.5781725645065308,0.6101075410842896,1.4167864322662354,1.8141103982925415,0.5693358778953552,8842.699325296708,0.602512538433075,0.5423111915588379,15193.42794251678,9.723695527195094,0.767703652381897,0.7332165241241455,11.428224058843607,0.6707739233970642,0.7812117338180542,0.630835235118866,15.25673961150459,13.29283356230568,1.0,0.5,128,7,0.5,,,120,,,1.0,0.0001,rmsprop,,30,499c4126ba318eb885e3a38eafb0ea080c91590e,,src/train/experiment_multimodal_grid_search.py,,User,,rmsprop_0.0001_w120_20251121_132652,,LOCAL,,,,,,,,,,,,,,,,,,,,,,,,,,,,,,,,,,145540.0,rmsprop_0.0001_w120,[32],[32],"[128, 64]",optimizers,
243234a03bd74d219c367f5467d45dc5,887529784181777029,FINISHED,file:///E:/Codigos/Proyecto%20Final/mlruns/887529784181777029/243234a03bd74d219c367f5467d45dc5/artifacts,2025-11-21 16:26:26.059000+00:00,2025-11-21 16:26:52.857000+00:00,0.5588570237159729,0.5383667349815369,5642.6007941431235,,,,,0.8452436327934265,,9.999999747378752e-05,1.8674293756484985,30.0,,0.5424658060073853,1.8674293756484985,,0.585248589515686,1.9083653688430786,9202.162736124068,0.5643885135650635,0.6631462574005127,0.7425320148468018,1.9083653688430786,0.5395287871360779,7226.793482673567,0.5641357898712158,0.602715253829956,11996.941616585653,8.009915154625867,0.5957320332527161,0.5542196035385132,9.35323664781127,0.5771108269691467,0.701056718826294,0.5364092588424683,12.04202945252588,10.38570665931009,1.0,0.5,128,7,0.5,,,60,,,1.0,0.0001,rmsprop,,30,499c4126ba318eb885e3a38eafb0ea080c91590e,,src/train/experiment_multimodal_grid_search.py,,User,,rmsprop_0.0001_w60_20251121_132626,,LOCAL,,,,,,,,,,,,,,,,,,,,,,,,,,,,,,,,,,145540.0,rmsprop_0.0001_w60,[32],[32],"[128, 64]",optimizers,
63f6f1cd376d4f84845703945909b3f6,887529784181777029,FINISHED,file:///E:/Codigos/Proyecto%20Final/mlruns/887529784181777029/63f6f1cd376d4f84845703945909b3f6/artifacts,2025-11-21 16:26:07.036000+00:00,2025-11-21 16:26:26.039000+00:00,0.6157515645027161,0.6195452213287354,5791.36233207908,,,,,0.8721968531608582,,9.999999747378752e-05,2.1905159950256348,30.0,,0.6280417442321777,2.1905159950256348,,0.5790240168571472,1.9983091354370117,8722.27915736607,0.6338393092155457,0.661020040512085,0.768681526184082,1.9983091354370117,0.5617801547050476,7644.932180692717,0.5676707029342651,0.5550812482833862,11841.587666496658,8.778825693714376,0.5444579124450684,0.6603231430053711,10.830388909943249,0.5999034643173218,0.6696356534957886,0.5875683426856995,15.048956600928694,12.609527881315985,1.0,0.5,128,7,0.5,,,30,,,1.0,0.0001,rmsprop,,30,499c4126ba318eb885e3a38eafb0ea080c91590e,,src/train/experiment_multimodal_grid_search.py,,User,,rmsprop_0.0001_w30_20251121_132607,,LOCAL,,,,,,,,,,,,,,,,,,,,,,,,,,,,,,,,,,145540.0,rmsprop_0.0001_w30,[32],[32],"[128, 64]",optimizers,
767d879a60174a7e8f1453d6c7be9446,887529784181777029,FINISHED,file:///E:/Codigos/Proyecto%20Final/mlruns/887529784181777029/767d879a60174a7e8f1453d6c7be9446/artifacts,2025-11-21 16:25:51.265000+00:00,2025-11-21 16:26:07.013000+00:00,0.562649667263031,0.7832680940628052,6072.591579951299,,,,,0.8000284433364868,,9.999999747378752e-05,2.0959246158599854,30.0,,0.5737903714179993,2.0959246158599854,,0.5770779252052307,2.018488883972168,8903.244591346154,0.5788184404373169,0.6454115509986877,0.821003794670105,2.018488883972168,0.5563760995864868,7802.9637780230505,0.6034585237503052,0.5860956907272339,12617.52646904546,8.953753243674049,0.7222133874893188,0.7265666723251343,10.368674999469526,0.6098732948303223,0.6653350591659546,0.5698770880699158,13.817000216437723,12.178897233604523,1.0,0.5,128,7,0.5,,,15,,,1.0,0.0001,rmsprop,,30,499c4126ba318eb885e3a38eafb0ea080c91590e,,src/train/experiment_multimodal_grid_search.py,,User,,rmsprop_0.0001_w15_20251121_132551,,LOCAL,,,,,,,,,,,,,,,,,,,,,,,,,,,,,,,,,,145540.0,rmsprop_0.0001_w15,[32],[32],"[128, 64]",optimizers,
c9534c8a4e7c41188d46c695526d9193,887529784181777029,FINISHED,file:///E:/Codigos/Proyecto%20Final/mlruns/887529784181777029/c9534c8a4e7c41188d46c695526d9193/artifacts,2025-11-21 16:24:14.825000+00:00,2025-11-21 16:25:51.243000+00:00,0.5034880638122559,0.5051423907279968,5501.103580507964,,,,,0.8158463835716248,,0.0010000000474974513,1.4229811429977417,30.0,,0.4980482757091522,1.4229811429977417,,0.4846571385860443,1.6893342733383179,6094.0597550675675,0.4238133430480957,0.5147569179534912,0.39733442664146423,1.6893342733383179,0.4855084717273712,7280.391757173911,0.43668463826179504,0.3926967680454254,8049.798586948621,7.734157054120509,0.5252473950386047,0.4956560432910919,9.25306442437485,0.5683927536010742,0.4975181221961975,0.4865815043449402,13.086361858613968,11.440896486243984,1.0,0.5,128,7,0.5,,,360,,,1.0,0.001,rmsprop,,30,499c4126ba318eb885e3a38eafb0ea080c91590e,,src/train/experiment_multimodal_grid_search.py,,User,,rmsprop_0.001_w360_20251121_132414,,LOCAL,,,,,,,,,,,,,,,,,,,,,,,,,,,,,,,,,,145540.0,rmsprop_0.001_w360,[32],[32],"[128, 64]",optimizers,
d3250f27e9354f218b8a67d223c5e6a1,887529784181777029,FINISHED,file:///E:/Codigos/Proyecto%20Final/mlruns/887529784181777029/d3250f27e9354f218b8a67d223c5e6a1/artifacts,2025-11-21 16:22:58.527000+00:00,2025-11-21 16:24:14.803000+00:00,0.5454933643341064,0.5261998176574707,6090.377971027698,,,,,0.6481451988220215,,0.0005000000237487257,1.738804817199707,30.0,,0.506517231464386,1.738804817199707,,0.5406340956687927,1.669919729232788,8223.808254942602,0.43590646982192993,0.5726355910301208,0.6934170126914978,1.669919729232788,0.5317878127098083,7925.798582753592,0.42001110315322876,0.5160656571388245,11485.406562600421,8.951519701988287,0.5330562591552734,0.4984632730484009,9.80287679777896,0.5610320568084717,0.5962437391281128,0.5362485647201538,13.66393999081874,12.10893548183761,1.0,0.5,128,7,0.5,,,240,,,1.0,0.001,rmsprop,,30,499c4126ba318eb885e3a38eafb0ea080c91590e,,src/train/experiment_multimodal_grid_search.py,,User,,rmsprop_0.001_w240_20251121_132258,,LOCAL,,,,,,,,,,,,,,,,,,,,,,,,,,,,,,,,,,145540.0,rmsprop_0.001_w240,[32],[32],"[128, 64]",optimizers,
ffe5657a4b3c4df9b8de606cecf21c8b,887529784181777029,FINISHED,file:///E:/Codigos/Proyecto%20Final/mlruns/887529784181777029/ffe5657a4b3c4df9b8de606cecf21c8b/artifacts,2025-11-21 16:22:20.290000+00:00,2025-11-21 16:22:58.502000+00:00,0.5058102607727051,0.5843201875686646,5708.654685322746,,,,,0.5323219895362854,,0.0010000000474974513,2.321833372116089,30.0,,0.565244197845459,2.321833372116089,,0.49840858578681946,1.3952289819717407,8615.691662397541,0.44067031145095825,0.5349087119102478,1.199887990951538,1.3952289819717407,0.4925793707370758,7253.180118910036,0.43909919261932373,0.40305158495903015,13920.515791512813,8.303149154091328,0.5466503500938416,0.5662699341773987,9.600509085197357,0.591957688331604,0.6762852072715759,0.572796642780304,13.114626370060938,11.41187232746914,1.0,0.5,128,7,0.5,,,120,,,1.0,0.001,rmsprop,,30,499c4126ba318eb885e3a38eafb0ea080c91590e,,src/train/experiment_multimodal_grid_search.py,,User,,rmsprop_0.001_w120_20251121_132220,,LOCAL,,,,,,,,,,,,,,,,,,,,,,,,,,,,,,,,,,145540.0,rmsprop_0.001_w120,[32],[32],"[128, 64]",optimizers,
e21b119c8af6409b9001aaeb4c2217a3,887529784181777029,FINISHED,file:///E:/Codigos/Proyecto%20Final/mlruns/887529784181777029/e21b119c8af6409b9001aaeb4c2217a3/artifacts,2025-11-21 16:21:56.639000+00:00,2025-11-21 16:22:20.270000+00:00,0.5144789814949036,0.4940232038497925,4709.3046793543435,,,,,0.7026647329330444,,0.0010000000474974513,1.4330353736877441,30.0,,0.45051977038383484,1.4330353736877441,,0.5009605884552002,1.6326276063919067,7350.258380946829,0.4917917847633362,0.5857385396957397,0.6240633726119995,1.6326276063919067,0.501103401184082,6018.890245254787,0.493854820728302,0.4329780638217926,10511.853852248145,6.813401785486543,0.5009962320327759,0.5035191774368286,7.924428943886179,0.47860580682754517,0.5698081254959106,0.4512823224067688,10.83755995325368,9.44427279313885,1.0,0.5,128,7,0.5,,,60,,,1.0,0.001,rmsprop,,30,499c4126ba318eb885e3a38eafb0ea080c91590e,,src/train/experiment_multimodal_grid_search.py,,User,,rmsprop_0.001_w60_20251121_132156,,LOCAL,,,,,,,,,,,,,,,,,,,,,,,,,,,,,,,,,,145540.0,rmsprop_0.001_w60,[32],[32],"[128, 64]",optimizers,
5e517c11bdda4a55a61f3db385fc2787,887529784181777029,FINISHED,file:///E:/Codigos/Proyecto%20Final/mlruns/887529784181777029/5e517c11bdda4a55a61f3db385fc2787/artifacts,2025-11-21 16:21:38.385000+00:00,2025-11-21 16:21:56.619000+00:00,0.5024734139442444,0.4421007037162781,4988.480573565052,,,,,0.672140896320343,,0.0010000000474974513,1.7275506258010864,30.0,,0.49243465065956116,1.7275506258010864,,0.47964581847190857,1.5284889936447144,7664.010239955357,0.428821861743927,0.5664048790931702,0.7142459750175476,1.5284889936447144,0.4892497658729553,6548.641867001104,0.4208105504512787,0.3789600133895874,11062.108793664382,7.219168242629693,0.3925509452819824,0.4189871549606323,8.400494194030761,0.4956558644771576,0.6418610215187073,0.4949694573879242,12.089855104304464,10.61375540109328,1.0,0.5,128,7,0.5,,,30,,,1.0,0.001,rmsprop,,30,499c4126ba318eb885e3a38eafb0ea080c91590e,,src/train/experiment_multimodal_grid_search.py,,User,,rmsprop_0.001_w30_20251121_132138,,LOCAL,,,,,,,,,,,,,,,,,,,,,,,,,,,,,,,,,,145540.0,rmsprop_0.001_w30,[32],[32],"[128, 64]",optimizers,
d6f8b7072ec94bcba9bd8cc9b5aa77ff,887529784181777029,FINISHED,file:///E:/Codigos/Proyecto%20Final/mlruns/887529784181777029/d6f8b7072ec94bcba9bd8cc9b5aa77ff/artifacts,2025-11-21 16:21:25.290000+00:00,2025-11-21 16:21:38.364000+00:00,0.5068431496620178,0.5710788369178772,5086.218907389485,,,,,0.654301643371582,,0.0005000000237487257,1.7871495485305786,30.0,,0.49856114387512207,1.7871495485305786,,0.5055530071258545,1.6206753253936768,8248.724254261364,0.4733549952507019,0.5934757590293884,0.8163363933563232,1.6206753253936768,0.487344354391098,6582.917605355534,0.46965914964675903,0.44039100408554077,12035.458824680894,7.819222395951216,0.5187453627586365,0.5428161025047302,8.949672798057655,0.5435836315155029,0.6422320604324341,0.5019457340240479,12.217745246668546,10.706741887279547,1.0,0.5,128,7,0.5,,,15,,,1.0,0.001,rmsprop,,30,499c4126ba318eb885e3a38eafb0ea080c91590e,,src/train/experiment_multimodal_grid_search.py,,User,,rmsprop_0.001_w15_20251121_132125,,LOCAL,,,,,,,,,,,,,,,,,,,,,,,,,,,,,,,,,,145540.0,rmsprop_0.001_w15,[32],[32],"[128, 64]",optimizers,
5e60bbe34ac247299caae1f90e56c684,887529784181777029,FINISHED,file:///E:/Codigos/Proyecto%20Final/mlruns/887529784181777029/5e60bbe34ac247299caae1f90e56c684/artifacts,2025-11-21 16:19:53.080000+00:00,2025-11-21 16:21:25.268000+00:00,0.4825994372367859,0.5312048196792603,5330.476835243726,,,,,0.9991862177848816,,0.009999999776482582,1.3273390531539917,30.0,,0.5254518389701843,1.3273390531539917,,0.49081072211265564,1.6821153163909912,6059.884132179054,0.5238645672798157,0.5157103538513184,0.3660660684108734,1.6821153163909912,0.47399693727493286,7179.214640526758,0.538196861743927,0.44298529624938965,8015.193161767609,7.5194607959290725,0.43256089091300964,0.526219367980957,8.90712816098482,0.4899287819862366,0.4614757299423218,0.5109521746635437,12.916554847926438,11.341618170417725,1.0,0.5,128,7,0.5,,,360,,,1.0,0.01,adam,,30,499c4126ba318eb885e3a38eafb0ea080c91590e,,src/train/experiment_multimodal_grid_search.py,,User,,adam_0.01_w360_20251121_131953,,LOCAL,,,,,,,,,,,,,,,,,,,,,,,,,,,,,,,,,,145540.0,adam_0.01_w360,[32],[32],"[128, 64]",optimizers,
318895dadcc3470ab50812f152e3e071,887529784181777029,FINISHED,file:///E:/Codigos/Proyecto%20Final/mlruns/887529784181777029/318895dadcc3470ab50812f152e3e071/artifacts,2025-11-21 16:18:35.283000+00:00,2025-11-21 16:19:53.059000+00:00,0.5614705681800842,0.5126835107803345,6055.185433104045,,,,,0.6336239576339722,,0.0024999999441206455,1.7336466312408447,30.0,,0.49885880947113037,1.7336466312408447,,0.5383052229881287,1.7249679565429688,7988.992008131378,0.43317580223083496,0.5935251116752625,0.706321656703949,1.7249679565429688,0.538619339466095,7871.9663832671295,0.41086846590042114,0.4137762188911438,11401.369496122279,8.581022429396738,0.5243238210678101,0.49331870675086975,9.915670250317095,0.5704110860824585,0.5914130806922913,0.5157653093338013,13.752290841827099,11.993537842833616,1.0,0.5,128,7,0.5,,,240,,,1.0,0.01,adam,,30,499c4126ba318eb885e3a38eafb0ea080c91590e,,src/train/experiment_multimodal_grid_search.py,,User,,adam_0.01_w240_20251121_131835,,LOCAL,,,,,,,,,,,,,,,,,,,,,,,,,,,,,,,,,,145540.0,adam_0.01_w240,[32],[32],"[128, 64]",optimizers,
82251fcec4ee4c1dbc3a4c94e6668dbb,887529784181777029,FINISHED,file:///E:/Codigos/Proyecto%20Final/mlruns/887529784181777029/82251fcec4ee4c1dbc3a4c94e6668dbb/artifacts,2025-11-21 16:17:50.559000+00:00,2025-11-21 16:18:35.259000+00:00,0.4901680052280426,0.5602734684944153,6047.68231498829,,,,,0.6046915650367737,,0.004999999888241291,2.492286443710327,30.0,,0.5545133948326111,2.492286443710327,,0.5090151429176331,1.475622534751892,9120.319512038934,0.43583887815475464,0.5659721493721008,1.3016597032546997,1.475622534751892,0.48295432329177856,7790.497836681675,0.44067811965942383,0.4389915466308594,14186.480589705672,8.317180142190473,0.6305311918258667,0.5599184036254883,9.728206303973945,0.6155100464820862,0.7463252544403076,0.5491304993629456,13.348737119557574,11.530082092305191,1.0,0.5,128,7,0.5,,,120,,,1.0,0.01,adam,,30,499c4126ba318eb885e3a38eafb0ea080c91590e,,src/train/experiment_multimodal_grid_search.py,,User,,adam_0.01_w120_20251121_131750,,LOCAL,,,,,,,,,,,,,,,,,,,,,,,,,,,,,,,,,,145540.0,adam_0.01_w120,[32],[32],"[128, 64]",optimizers,
c098a35f715d41fc85b725027454bcdf,887529784181777029,FINISHED,file:///E:/Codigos/Proyecto%20Final/mlruns/887529784181777029/c098a35f715d41fc85b725027454bcdf/artifacts,2025-11-21 16:17:26.275000+00:00,2025-11-21 16:17:50.532000+00:00,0.5060122609138489,0.5129274129867554,5169.386556436567,,,,,0.8273431658744812,,0.009999999776482582,1.6279958486557007,30.0,,0.47958892583847046,1.6279958486557007,,0.5292447805404663,1.769250512123108,7999.7763671875,0.4671024680137634,0.6400701403617859,0.6757704019546509,1.769250512123108,0.4908679723739624,6653.5707180416,0.46331945061683655,0.4957171380519867,11109.385286513705,7.246924072948855,0.5372657775878906,0.5198332071304321,8.465059353598653,0.5195369720458984,0.6142176389694214,0.48268088698387146,11.262888569010652,9.814028220785623,1.0,0.5,128,7,0.5,,,60,,,1.0,0.01,adam,,30,499c4126ba318eb885e3a38eafb0ea080c91590e,,src/train/experiment_multimodal_grid_search.py,,User,,adam_0.01_w60_20251121_131726,,LOCAL,,,,,,,,,,,,,,,,,,,,,,,,,,,,,,,,,,145540.0,adam_0.01_w60,[32],[32],"[128, 64]",optimizers,
2ab93be3fede4c2687bf93e5d0021e8f,887529784181777029,FINISHED,file:///E:/Codigos/Proyecto%20Final/mlruns/887529784181777029/2ab93be3fede4c2687bf93e5d0021e8f/artifacts,2025-11-21 16:17:09.081000+00:00,2025-11-21 16:17:26.255000+00:00,0.47831928730010986,0.4249229431152344,4701.545664110331,,,,,0.7384939193725586,,0.009999999776482582,1.644989013671875,30.0,,0.4687677025794983,1.644989013671875,,0.46423596143722534,1.4934799671173096,7674.695870535715,0.41647887229919434,0.5617230534553528,0.5780193209648132,1.4934799671173096,0.4690839350223541,6379.786686966814,0.41562795639038086,0.36966943740844727,11082.67466688514,6.873393724402603,0.3854694962501526,0.40839266777038574,8.023987754510372,0.4940190315246582,0.5764827728271484,0.466123104095459,11.903850144932317,10.467772475664228,1.0,0.5,128,7,0.5,,,30,,,1.0,0.01,adam,,30,499c4126ba318eb885e3a38eafb0ea080c91590e,,src/train/experiment_multimodal_grid_search.py,,User,,adam_0.01_w30_20251121_131709,,LOCAL,,,,,,,,,,,,,,,,,,,,,,,,,,,,,,,,,,145540.0,adam_0.01_w30,[32],[32],"[128, 64]",optimizers,
3446b5f3a85840c2a864315392f105a0,887529784181777029,FINISHED,file:///E:/Codigos/Proyecto%20Final/mlruns/887529784181777029/3446b5f3a85840c2a864315392f105a0/artifacts,2025-11-21 16:16:54.789000+00:00,2025-11-21 16:17:09.061000+00:00,0.4781327545642853,0.5835565328598022,4776.538868194305,,,,,0.6971160769462585,,0.004999999888241291,1.699780821800232,30.0,,0.4648965299129486,1.699780821800232,,0.47971609234809875,1.6313517093658447,7673.796861341783,0.4407377243041992,0.5757657885551453,0.6672455668449402,1.6313517093658447,0.46443846821784973,6324.521380616761,0.43662530183792114,0.41023558378219604,11580.61656099688,7.173657016201571,0.5405958294868469,0.5423423051834106,8.380370525927932,0.5231325626373291,0.6028510332107544,0.4787312150001526,11.86562615375219,10.35436585340004,1.0,0.5,128,7,0.5,,,15,,,1.0,0.01,adam,,30,499c4126ba318eb885e3a38eafb0ea080c91590e,,src/train/experiment_multimodal_grid_search.py,,User,,adam_0.01_w15_20251121_131654,,LOCAL,,,,,,,,,,,,,,,,,,,,,,,,,,,,,,,,,,145540.0,adam_0.01_w15,[32],[32],"[128, 64]",optimizers,
10d4f0f8ee3345598e8ebfc9e5bb1656,887529784181777029,FINISHED,file:///E:/Codigos/Proyecto%20Final/mlruns/887529784181777029/10d4f0f8ee3345598e8ebfc9e5bb1656/artifacts,2025-11-21 16:15:06.403000+00:00,2025-11-21 16:16:54.766000+00:00,0.6068851351737976,0.7933456897735596,7579.246315516407,,,,,0.8229839205741882,,9.999999747378752e-05,2.2324957847595215,30.0,,0.6406418681144714,2.2324957847595215,,0.6122075915336609,2.2523956298828125,7973.283889358108,0.634044349193573,0.5790077447891235,0.6376883387565613,2.2523956298828125,0.6044546961784363,9945.761622617527,0.6834396719932556,0.5867356657981873,10805.033870605863,9.900783929125224,0.8245299458503723,0.7472090721130371,11.893979768495303,0.6919763088226318,0.5892713665962219,0.6131787896156311,16.04844533876021,14.381815114769637,1.0,0.5,128,7,0.5,,,360,,,1.0,0.0001,adam,,30,499c4126ba318eb885e3a38eafb0ea080c91590e,,src/train/experiment_multimodal_grid_search.py,,User,,adam_0.0001_w360_20251121_131506,,LOCAL,,,,,,,,,,,,,,,,,,,,,,,,,,,,,,,,,,145540.0,adam_0.0001_w360,[32],[32],"[128, 64]",optimizers,
ba18719141da4d9b93e5ed13f0050c3f,887529784181777029,FINISHED,file:///E:/Codigos/Proyecto%20Final/mlruns/887529784181777029/ba18719141da4d9b93e5ed13f0050c3f/artifacts,2025-11-21 16:13:51.907000+00:00,2025-11-21 16:15:06.382000+00:00,0.6428158283233643,0.6318122744560242,6846.91938650237,,,,,0.6412209868431091,,9.999999747378752e-05,2.0146398544311523,30.0,,0.6173909306526184,2.0146398544311523,,0.6275395750999451,2.069918155670166,8878.045559630102,0.5765516757965088,0.6469928622245789,0.742327094078064,2.069918155670166,0.620202898979187,8682.574191958745,0.5596238970756531,0.7339246869087219,11883.565315739397,9.860678870198331,0.6397112011909485,0.6333906054496765,11.948669411350616,0.6307229995727539,0.6436773538589478,0.5907126069068909,15.402639820564069,13.268585184721317,1.0,0.5,128,7,0.5,,,240,,,1.0,0.0001,adam,,30,499c4126ba318eb885e3a38eafb0ea080c91590e,,src/train/experiment_multimodal_grid_search.py,,User,,adam_0.0001_w240_20251121_131351,,LOCAL,,,,,,,,,,,,,,,,,,,,,,,,,,,,,,,,,,145540.0,adam_0.0001_w240,[32],[32],"[128, 64]",optimizers,
96f7f6fec4a24bd9ab28e9c87daaf3a1,887529784181777029,FINISHED,file:///E:/Codigos/Proyecto%20Final/mlruns/887529784181777029/96f7f6fec4a24bd9ab28e9c87daaf3a1/artifacts,2025-11-21 16:13:13.964000+00:00,2025-11-21 16:13:51.886000+00:00,0.5538834929466248,0.6609041094779968,6948.623976891833,,,,,0.6740844249725342,,9.999999747378752e-05,2.8134312629699707,30.0,,0.6251363754272461,2.8134312629699707,,0.5836209058761597,1.7534135580062866,9821.524366034837,0.523515522480011,0.6098843812942505,1.3734979629516602,1.7534135580062866,0.5368219017982483,8897.710897267341,0.5226232409477234,0.5595299005508423,14959.51817699837,9.382373300592569,0.7772852778434753,0.6643921732902527,11.138338388268785,0.6885107755661011,0.7694410085678101,0.6086916327476501,14.52305196590353,12.530969331395424,1.0,0.5,128,7,0.5,,,120,,,1.0,0.0001,adam,,30,499c4126ba318eb885e3a38eafb0ea080c91590e,,src/train/experiment_multimodal_grid_search.py,,User,,adam_0.0001_w120_20251121_131313,,LOCAL,,,,,,,,,,,,,,,,,,,,,,,,,,,,,,,,,,145540.0,adam_0.0001_w120,[32],[32],"[128, 64]",optimizers,
5dd901a179ab4584bde00a76185727f8,887529784181777029,FINISHED,file:///E:/Codigos/Proyecto%20Final/mlruns/887529784181777029/5dd901a179ab4584bde00a76185727f8/artifacts,2025-11-21 16:12:47.074000+00:00,2025-11-21 16:13:13.944000+00:00,0.5455430746078491,0.5235599279403687,5433.363635844215,,,,,0.7971006035804749,,9.999999747378752e-05,1.7593879699707031,30.0,,0.5159704685211182,1.7593879699707031,,0.5803733468055725,1.9181840419769287,8603.39990963153,0.5520309209823608,0.6513429880142212,0.6968010663986206,1.9181840419769287,0.5296807289123535,6969.053429585482,0.5489970445632935,0.6070206761360168,11751.040732552394,7.7184962738297385,0.5746519565582275,0.5316781401634216,8.896402147533035,0.55571049451828,0.655440628528595,0.5168934464454651,11.493045493024637,10.07746785095823,1.0,0.5,128,7,0.5,,,60,,,1.0,0.0001,adam,,30,499c4126ba318eb885e3a38eafb0ea080c91590e,,src/train/experiment_multimodal_grid_search.py,,User,,adam_0.0001_w60_20251121_131247,,LOCAL,,,,,,,,,,,,,,,,,,,,,,,,,,,,,,,,,,145540.0,adam_0.0001_w60,[32],[32],"[128, 64]",optimizers,
19ea029d295e4e0c83e2eb3e9a8345ec,887529784181777029,FINISHED,file:///E:/Codigos/Proyecto%20Final/mlruns/887529784181777029/19ea029d295e4e0c83e2eb3e9a8345ec/artifacts,2025-11-21 16:12:28.891000+00:00,2025-11-21 16:12:47.055000+00:00,0.5751792192459106,0.7423806190490723,5835.68972015306,,,,,0.7698675394058228,,9.999999747378752e-05,2.208050012588501,30.0,,0.5738336443901062,2.208050012588501,,0.5831036567687988,2.009706974029541,8739.250516183036,0.5564748644828796,0.6550474166870117,0.7941994667053223,2.009706974029541,0.6048265695571899,7741.802724412437,0.6428971290588379,0.5803107023239136,11746.803031675685,9.635272314110582,0.5643665194511414,0.563057541847229,9.89558729833486,0.604495108127594,0.6709386706352234,0.6448904275894165,14.069568112309165,13.67404076483835,1.0,0.5,128,7,0.5,,,30,,,1.0,0.0001,adam,,30,499c4126ba318eb885e3a38eafb0ea080c91590e,,src/train/experiment_multimodal_grid_search.py,,User,,adam_0.0001_w30_20251121_131228,,LOCAL,,,,,,,,,,,,,,,,,,,,,,,,,,,,,,,,,,145540.0,adam_0.0001_w30,[32],[32],"[128, 64]",optimizers,
d1ca64a518014f6c841feae1c6c0597c,887529784181777029,FINISHED,file:///E:/Codigos/Proyecto%20Final/mlruns/887529784181777029/d1ca64a518014f6c841feae1c6c0597c/artifacts,2025-11-21 16:12:13.837000+00:00,2025-11-21 16:12:28.872000+00:00,0.5599381327629089,0.7584242820739746,6075.481152097902,,,,,0.7956186532974243,,9.999999747378752e-05,2.077125072479248,30.0,,0.5755307078361511,2.077125072479248,,0.580631673336029,2.0317084789276123,8834.327414772728,0.584601104259491,0.6430913209915161,0.8059727549552917,2.0317084789276123,0.541466236114502,7689.28757294757,0.579999566078186,0.5863152742385864,12602.209526207136,8.811604727517356,0.6971955299377441,0.7511061429977417,10.400122830203244,0.6101635098457336,0.6601848602294922,0.5608298778533936,13.980049297883092,12.060365867081712,1.0,0.5,128,7,0.5,,,15,,,1.0,0.0001,adam,,30,499c4126ba318eb885e3a38eafb0ea080c91590e,,src/train/experiment_multimodal_grid_search.py,,User,,adam_0.0001_w15_20251121_131213,,LOCAL,,,,,,,,,,,,,,,,,,,,,,,,,,,,,,,,,,145540.0,adam_0.0001_w15,[32],[32],"[128, 64]",optimizers,
b5cad2d32597463fbf151a846656e3df,887529784181777029,FINISHED,file:///E:/Codigos/Proyecto%20Final/mlruns/887529784181777029/b5cad2d32597463fbf151a846656e3df/artifacts,2025-11-21 16:10:38.655000+00:00,2025-11-21 16:12:13.816000+00:00,0.4808318614959717,0.5112879276275635,5702.789051067809,,,,,0.3589535057544708,,0.0005000000237487257,1.5368645191192627,30.0,,0.4922281801700592,1.5368645191192627,,0.5076500773429871,1.217916488647461,7358.98316089527,0.4825522005558014,0.43865764141082764,0.5751863121986389,1.217916488647461,0.494179904460907,7474.998650838269,0.5058975219726562,0.451030969619751,9963.513983131046,7.8683779727538115,0.45939940214157104,0.4932696223258972,9.150833895767978,0.5173021554946899,0.5492437481880188,0.4837462306022644,13.030665328238195,11.568689860495036,1.0,0.5,128,7,0.5,,,360,,,1.0,0.001,adam,,30,499c4126ba318eb885e3a38eafb0ea080c91590e,,src/train/experiment_multimodal_grid_search.py,,User,,adam_0.001_w360_20251121_131038,,LOCAL,,,,,,,,,,,,,,,,,,,,,,,,,,,,,,,,,,145540.0,adam_0.001_w360,[32],[32],"[128, 64]",optimizers,
f2e17a18a7ac4e10b129b583b6fc66bd,887529784181777029,FINISHED,file:///E:/Codigos/Proyecto%20Final/mlruns/887529784181777029/f2e17a18a7ac4e10b129b583b6fc66bd/artifacts,2025-11-21 16:09:47.763000+00:00,2025-11-21 16:10:38.633000+00:00,0.5403710007667542,0.520394504070282,6767.278262094571,,,,,0.6898131966590881,,0.0005000000237487257,1.9209445714950562,17.0,,0.5360623598098755,1.9209445714950562,,0.5732401609420776,1.7734603881835938,8888.981325733419,0.5331912040710449,0.6052857041358948,0.7530596256256104,1.7734603881835938,0.5396886467933655,8460.665786034146,0.5634998083114624,0.5034054517745972,12039.085814743707,8.892018776940883,0.6522176265716553,0.5109399557113647,10.729317528860912,0.6494316458702087,0.636524498462677,0.5345780253410339,14.268240004151817,12.304762097703733,1.0,0.5,128,7,0.5,,,240,,,1.0,0.001,adam,,30,499c4126ba318eb885e3a38eafb0ea080c91590e,,src/train/experiment_multimodal_grid_search.py,,User,,adam_0.001_w240_20251121_130947,,LOCAL,,,,,,,,,,,,,,,,,,,,,,,,,,,,,,,,,,145540.0,adam_0.001_w240,[32],[32],"[128, 64]",optimizers,
34d4f39ae0d249b9892c6184d213d52c,887529784181777029,FINISHED,file:///E:/Codigos/Proyecto%20Final/mlruns/887529784181777029/34d4f39ae0d249b9892c6184d213d52c/artifacts,2025-11-21 16:09:12.111000+00:00,2025-11-21 16:09:47.742000+00:00,0.4881247282028198,0.545843780040741,5557.957428150615,,,,,0.5340032577514648,,0.0010000000474974513,2.2266435623168945,30.0,,0.5553069710731506,2.2266435623168945,,0.4884766638278961,1.3510172367095947,8521.518858862704,0.43418198823928833,0.5144610404968262,1.194067120552063,1.3510172367095947,0.4714601933956146,7111.202767991892,0.429826557636261,0.4038984775543213,13862.905641238016,8.085132308531142,0.47701236605644226,0.565284013748169,9.7955141000502,0.5441895127296448,0.6818885207176208,0.523746907711029,13.312918924171221,11.336527190931063,1.0,0.5,128,7,0.5,,,120,,,1.0,0.001,adam,,30,499c4126ba318eb885e3a38eafb0ea080c91590e,,src/train/experiment_multimodal_grid_search.py,,User,,adam_0.001_w120_20251121_130912,,LOCAL,,,,,,,,,,,,,,,,,,,,,,,,,,,,,,,,,,145540.0,adam_0.001_w120,[32],[32],"[128, 64]",optimizers,
4bc4729173cd418c8edb18dfacbec51b,887529784181777029,FINISHED,file:///E:/Codigos/Proyecto%20Final/mlruns/887529784181777029/4bc4729173cd418c8edb18dfacbec51b/artifacts,2025-11-21 16:08:47.182000+00:00,2025-11-21 16:09:12.091000+00:00,0.5001795887947083,0.5038294196128845,4740.478693796642,,,,,0.4322356581687927,,0.0005000000237487257,1.259339690208435,30.0,,0.4770676791667938,1.259339690208435,,0.5050861835479736,1.337827444076538,6885.560605177238,0.45218220353126526,0.5348773002624512,0.5203238129615784,1.337827444076538,0.49736011028289795,6094.487255235164,0.46211981773376465,0.4237547814846039,8831.266270772989,7.177951491463669,0.5086966753005981,0.5110257267951965,8.20659944091016,0.4920578598976135,0.5322555303573608,0.48328375816345215,10.97537372461271,9.625864642227029,1.0,0.5,128,7,0.5,,,60,,,1.0,0.001,adam,,30,499c4126ba318eb885e3a38eafb0ea080c91590e,,src/train/experiment_multimodal_grid_search.py,,User,,adam_0.001_w60_20251121_130847,,LOCAL,,,,,,,,,,,,,,,,,,,,,,,,,,,,,,,,,,145540.0,adam_0.001_w60,[32],[32],"[128, 64]",optimizers,
817992aec6224825a459af4ebec013a4,887529784181777029,FINISHED,file:///E:/Codigos/Proyecto%20Final/mlruns/887529784181777029/817992aec6224825a459af4ebec013a4/artifacts,2025-11-21 16:08:29.525000+00:00,2025-11-21 16:08:47.162000+00:00,0.4886348247528076,0.45486289262771606,4628.91534984056,,,,,0.6460478901863098,,0.0010000000474974513,1.6732770204544067,30.0,,0.4903144836425781,1.6732770204544067,,0.48021847009658813,1.5085418224334717,7697.4619140625,0.4150950014591217,0.5537095665931702,0.5970749855041504,1.5085418224334717,0.47304990887641907,6372.017185225677,0.4080783426761627,0.37485894560813904,11116.945781191718,7.407541520254952,0.3843068480491638,0.4293311834335327,8.459610876745108,0.4850284457206726,0.6011738777160645,0.49420323967933655,12.057490975061546,10.642940266597437,1.0,0.5,128,7,0.5,,,30,,,1.0,0.001,adam,,30,499c4126ba318eb885e3a38eafb0ea080c91590e,,src/train/experiment_multimodal_grid_search.py,,User,,adam_0.001_w30_20251121_130829,,LOCAL,,,,,,,,,,,,,,,,,,,,,,,,,,,,,,,,,,145540.0,adam_0.001_w30,[32],[32],"[128, 64]",optimizers,
e32c8c1d7d894b95ae5da7eb2811dba1,887529784181777029,FINISHED,file:///E:/Codigos/Proyecto%20Final/mlruns/887529784181777029/e32c8c1d7d894b95ae5da7eb2811dba1/artifacts,2025-11-21 16:08:14.904000+00:00,2025-11-21 16:08:29.505000+00:00,0.4916214346885681,0.5482551455497742,4787.087485733016,,,,,0.6975435614585876,,0.0010000000474974513,1.5904667377471924,30.0,,0.4733945429325104,1.5904667377471924,,0.4845350384712219,1.6392860412597656,7514.470962631119,0.4917634129524231,0.5797978639602661,0.6447838544845581,1.6392860412597656,0.48258495330810547,6315.628875310682,0.49925851821899414,0.4367969036102295,11551.997392076843,7.457451080108856,0.4632045328617096,0.5230938196182251,8.57311547552789,0.4806448221206665,0.56540447473526,0.4822855591773987,11.964411576069798,10.487232828744473,1.0,0.5,128,7,0.5,,,15,,,1.0,0.001,adam,,30,499c4126ba318eb885e3a38eafb0ea080c91590e,,src/train/experiment_multimodal_grid_search.py,,User,,adam_0.001_w15_20251121_130814,,LOCAL,,,,,,,,,,,,,,,,,,,,,,,,,,,,,,,,,,145540.0,adam_0.001_w15,[32],[32],"[128, 64]",optimizers,
bcda8d0d9ae946bab84a5807fd9bcb13,441751305823690486,FINISHED,file:///E:/Codigos/Proyecto%20Final/mlruns/441751305823690486/bcda8d0d9ae946bab84a5807fd9bcb13/artifacts,2025-11-21 15:43:48.935000+00:00,2025-11-21 15:45:56.724000+00:00,0.5182420611381531,0.5318959355354309,5338.240154621139,,,,,0.4211900234222412,,0.0010000000474974513,2.2914249897003174,30.0,,0.5177029967308044,2.2914249897003174,,0.4755905568599701,1.8325610160827637,6930.959934543919,0.6088957786560059,0.45204785466194153,0.6569005846977234,1.8325610160827637,0.5211566090583801,7213.556509178006,0.6377246975898743,0.48760104179382324,9506.305535279067,8.125159068457407,0.43978625535964966,0.5186557173728943,9.459285596162655,0.5014845132827759,0.5557736158370972,0.5047075152397156,13.26438798852452,11.745245127755828,1.0,0.3,128,7,0.3,,,360,,,3.0,0.001,adam,,30,499c4126ba318eb885e3a38eafb0ea080c91590e,,src/train/experiment_multimodal_grid_search.py,,User,,valor_agresivo_w360_20251121_124348,,LOCAL,,,,,,,,,,,,,,,,,,,,,,,,,,,,,,,,,,145540.0,valor_agresivo_w360,[32],[32],"[128, 64]",loss_weights,
027e73f8c14b46a49fdc8542fdaccfcc,441751305823690486,FINISHED,file:///E:/Codigos/Proyecto%20Final/mlruns/441751305823690486/027e73f8c14b46a49fdc8542fdaccfcc/artifacts,2025-11-21 15:43:44.717000+00:00,2025-11-21 15:45:51.662000+00:00,0.53938227891922,0.5657682418823242,5533.392817507239,,,,,0.3707191050052643,,0.0010000000474974513,2.4466328620910645,30.0,,0.5691619515419006,2.4466328620910645,,0.5085707902908325,1.9453299045562744,7170.503827069257,0.525446355342865,0.44165465235710144,0.7794573307037354,1.9453299045562744,0.5332460403442383,7283.854166297864,0.5687565803527832,0.46165966987609863,9818.415390301609,8.15904377234028,0.44200021028518677,0.5714811086654663,9.510860450479514,0.49689608812332153,0.5862941741943359,0.5353835225105286,13.316325897676048,11.792618846406048,1.0,0.3,128,7,0.3,,,360,,,3.0,0.001,adam,,30,499c4126ba318eb885e3a38eafb0ea080c91590e,,src/train/experiment_multimodal_grid_search.py,,User,,valor_agresivo_w360_20251121_124344,,LOCAL,,,,,,,,,,,,,,,,,,,,,,,,,,,,,,,,,,145540.0,valor_agresivo_w360,[32],[32],"[128, 64]",loss_weights,
f23fb88f97f644b2aec718c6b8783dcc,441751305823690486,FINISHED,file:///E:/Codigos/Proyecto%20Final/mlruns/441751305823690486/f23fb88f97f644b2aec718c6b8783dcc/artifacts,2025-11-21 15:42:26.591000+00:00,2025-11-21 15:43:48.914000+00:00,0.5448419451713562,0.5282246470451355,6954.923961598031,,,,,0.5566496253013611,,0.0005000000237487257,3.0009164810180664,24.0,,0.5240466594696045,3.0009164810180664,,0.5547106862068176,2.4313902854919434,9120.231405452807,0.4261474311351776,0.6268332004547119,0.6854491829872131,2.4313902854919434,0.5521727800369263,8530.581132636484,0.4370374083518982,0.46055829524993896,11609.005902615618,8.703225855924645,0.6688151955604553,0.5018476843833923,10.564546890926083,0.6542103886604309,0.6461883187294006,0.5502101182937622,14.020374705852515,12.002421944386805,1.0,0.3,128,7,0.3,,,240,,,3.0,0.001,adam,,30,499c4126ba318eb885e3a38eafb0ea080c91590e,,src/train/experiment_multimodal_grid_search.py,,User,,valor_agresivo_w240_20251121_124226,,LOCAL,,,,,,,,,,,,,,,,,,,,,,,,,,,,,,,,,,145540.0,valor_agresivo_w240,[32],[32],"[128, 64]",loss_weights,
5a50b20e40d64dd0a1359fd2a51daab3,441751305823690486,FINISHED,file:///E:/Codigos/Proyecto%20Final/mlruns/441751305823690486/5a50b20e40d64dd0a1359fd2a51daab3/artifacts,2025-11-21 15:42:02.532000+00:00,2025-11-21 15:43:44.704000+00:00,0.5559300780296326,0.5028138756752014,6187.3186462736885,,,,,0.6310415863990784,,0.0005000000237487257,2.4970686435699463,30.0,,0.49507200717926025,2.4970686435699463,,0.5368794202804565,2.4004595279693604,7830.208366549745,0.5562940239906311,0.5793563723564148,0.6501597762107849,2.4004595279693604,0.5450287461280823,7798.067385945122,0.5695314407348633,0.46492499113082886,11121.39207276645,8.280207792454489,0.5160133242607117,0.4934159517288208,9.581372141490524,0.5699620246887207,0.5677070021629333,0.49603310227394104,13.594584447045733,11.836798342915186,1.0,0.3,128,7,0.3,,,240,,,3.0,0.001,adam,,30,499c4126ba318eb885e3a38eafb0ea080c91590e,,src/train/experiment_multimodal_grid_search.py,,User,,valor_agresivo_w240_20251121_124202,,LOCAL,,,,,,,,,,,,,,,,,,,,,,,,,,,,,,,,,,145540.0,valor_agresivo_w240,[32],[32],"[128, 64]",loss_weights,
5dbb69f7a84b4c5d8b1b77a3f5cb7d49,441751305823690486,FINISHED,file:///E:/Codigos/Proyecto%20Final/mlruns/441751305823690486/5dbb69f7a84b4c5d8b1b77a3f5cb7d49/artifacts,2025-11-21 15:41:26.555000+00:00,2025-11-21 15:42:26.565000+00:00,0.5035120248794556,0.5406266450881958,5373.46469267784,,,,,0.5319457650184631,,0.0010000000474974513,2.933810234069824,30.0,,0.5548145771026611,2.933810234069824,,0.4793722927570343,1.9865325689315796,8614.008548924181,0.4388688802719116,0.5292406678199768,1.187360405921936,1.9865325689315796,0.48165130615234375,6924.04936175658,0.427003413438797,0.39213889837265015,13908.966920347877,8.021935416049644,0.4706999659538269,0.5738725662231445,9.885381426130023,0.5324346423149109,0.6748414039611816,0.5204317569732666,13.497500557058274,11.33350283911238,1.0,0.3,128,7,0.3,,,120,,,3.0,0.001,adam,,30,499c4126ba318eb885e3a38eafb0ea080c91590e,,src/train/experiment_multimodal_grid_search.py,,User,,valor_agresivo_w120_20251121_124126,,LOCAL,,,,,,,,,,,,,,,,,,,,,,,,,,,,,,,,,,145540.0,valor_agresivo_w120,[32],[32],"[128, 64]",loss_weights,
3ee14ce2bcb94c6b8b428a8caec0fc56,441751305823690486,FINISHED,file:///E:/Codigos/Proyecto%20Final/mlruns/441751305823690486/3ee14ce2bcb94c6b8b428a8caec0fc56/artifacts,2025-11-21 15:40:57.928000+00:00,2025-11-21 15:42:02.520000+00:00,0.5013803243637085,0.5602694153785706,5262.930724952429,,,,,0.45007455348968506,,0.0010000000474974513,2.224855899810791,30.0,,0.5578804612159729,2.224855899810791,,0.47678419947624207,1.8769416809082031,7001.927158043033,0.4363830089569092,0.5122247338294983,0.5153265595436096,1.8769416809082031,0.49300676584243774,6845.755198775404,0.44815343618392944,0.38147130608558655,9042.338983784555,8.436293095001293,0.4576295018196106,0.561866819858551,9.980190129693273,0.521957278251648,0.5648982524871826,0.5448051691055298,13.423476065155572,11.586952904896675,1.0,0.3,128,7,0.3,,,120,,,3.0,0.001,adam,,30,499c4126ba318eb885e3a38eafb0ea080c91590e,,src/train/experiment_multimodal_grid_search.py,,User,,valor_agresivo_w120_20251121_124057,,LOCAL,,,,,,,,,,,,,,,,,,,,,,,,,,,,,,,,,,145540.0,valor_agresivo_w120,[32],[32],"[128, 64]",loss_weights,
fabe29a7cd3b4d24a71c00b7319f7aad,441751305823690486,FINISHED,file:///E:/Codigos/Proyecto%20Final/mlruns/441751305823690486/fabe29a7cd3b4d24a71c00b7319f7aad/artifacts,2025-11-21 15:40:50.270000+00:00,2025-11-21 15:41:26.532000+00:00,0.5063579082489014,0.5094464421272278,4373.704975779584,,,,,0.652751088142395,,0.0010000000474974513,1.9478044509887695,30.0,,0.4849359393119812,1.9478044509887695,,0.4754348695278168,2.2120001316070557,7162.190065298508,0.42093127965927124,0.5867872834205627,0.6125266551971436,2.2120001316070557,0.505355715751648,5784.122868330158,0.43266671895980835,0.36319682002067566,10389.576671327168,7.313603029068092,0.4871603846549988,0.5144654512405396,8.429177989837711,0.45862722396850586,0.5444473624229431,0.48950833082199097,11.096526461447995,9.828734195542843,1.0,0.3,128,7,0.3,,,60,,,3.0,0.001,adam,,30,499c4126ba318eb885e3a38eafb0ea080c91590e,,src/train/experiment_multimodal_grid_search.py,,User,,valor_agresivo_w60_20251121_124050,,LOCAL,,,,,,,,,,,,,,,,,,,,,,,,,,,,,,,,,,145540.0,valor_agresivo_w60,[32],[32],"[128, 64]",loss_weights,
0814c2c0514046fd8f2f6ca81aa01527,441751305823690486,FINISHED,file:///E:/Codigos/Proyecto%20Final/mlruns/441751305823690486/0814c2c0514046fd8f2f6ca81aa01527/artifacts,2025-11-21 15:40:25.399000+00:00,2025-11-21 15:40:50.250000+00:00,0.5075394511222839,0.4723522663116455,4705.224997050383,,,,,0.5133358240127563,,0.0010000000474974513,2.3640756607055664,30.0,,0.5093642473220825,2.3640756607055664,,0.4688029885292053,1.8951140642166138,7830.703864397321,0.4343518614768982,0.5450973510742188,0.6086594462394714,1.8951140642166138,0.4981641471385956,6396.736130014814,0.4347790777683258,0.35915860533714294,11171.8250768202,7.6837357812998235,0.3871740996837616,0.439037024974823,8.783832444950026,0.48739486932754517,0.6011866927146912,0.5142737030982971,12.271761978614151,10.889135013558093,1.0,0.3,128,7,0.3,,,30,,,3.0,0.001,adam,,30,499c4126ba318eb885e3a38eafb0ea080c91590e,,src/train/experiment_multimodal_grid_search.py,,User,,valor_agresivo_w30_20251121_124025,,LOCAL,,,,,,,,,,,,,,,,,,,,,,,,,,,,,,,,,,145540.0,valor_agresivo_w30,[32],[32],"[128, 64]",loss_weights,
3fb4fef8042349cf820741feb6a03573,441751305823690486,FINISHED,file:///E:/Codigos/Proyecto%20Final/mlruns/441751305823690486/3fb4fef8042349cf820741feb6a03573/artifacts,2025-11-21 15:40:17.270000+00:00,2025-11-21 15:40:57.915000+00:00,0.5054636001586914,0.5300239324569702,4435.556581339952,,,,,0.700850784778595,,0.0010000000474974513,2.074746608734131,30.0,,0.5331156849861145,2.074746608734131,,0.4881150722503662,2.2581002712249756,7318.086520522388,0.44555091857910156,0.6013868451118469,0.6419419050216675,2.2581002712249756,0.4951387345790863,5832.146342078426,0.43924394249916077,0.4047231674194336,10528.865789996351,7.337223752475243,0.4945528507232666,0.5434000492095947,8.449743584020814,0.47212332487106323,0.5914241671562195,0.5237558484077454,11.192329959910518,9.782490429248874,1.0,0.3,128,7,0.3,,,60,,,3.0,0.001,adam,,30,499c4126ba318eb885e3a38eafb0ea080c91590e,,src/train/experiment_multimodal_grid_search.py,,User,,valor_agresivo_w60_20251121_124017,,LOCAL,,,,,,,,,,,,,,,,,,,,,,,,,,,,,,,,,,145540.0,valor_agresivo_w60,[32],[32],"[128, 64]",loss_weights,
15babfa6e7a744d189814535340a5f1d,441751305823690486,FINISHED,file:///E:/Codigos/Proyecto%20Final/mlruns/441751305823690486/15babfa6e7a744d189814535340a5f1d/artifacts,2025-11-21 15:40:07.252000+00:00,2025-11-21 15:40:25.376000+00:00,0.5139241218566895,0.591675877571106,4734.95823435939,,,,,0.5947483777999878,,0.0010000000474974513,2.2455384731292725,30.0,,0.5064211487770081,2.2455384731292725,,0.482227087020874,2.204432249069214,8310.285169908217,0.4971703886985779,0.5848618149757385,0.7326797246932983,2.204432249069214,0.5104653835296631,6327.764412377361,0.5070403218269348,0.43305477499961853,11591.695678503705,8.014038124046364,0.47688689827919006,0.5624567270278931,9.151280657513874,0.4755341410636902,0.621023416519165,0.510067343711853,12.341631877370745,10.872039022411023,1.0,0.3,128,7,0.3,,,15,,,3.0,0.001,adam,,30,499c4126ba318eb885e3a38eafb0ea080c91590e,,src/train/experiment_multimodal_grid_search.py,,User,,valor_agresivo_w15_20251121_124007,,LOCAL,,,,,,,,,,,,,,,,,,,,,,,,,,,,,,,,,,145540.0,valor_agresivo_w15,[32],[32],"[128, 64]",loss_weights,
34314508eff0441b8b0960f3ae785336,441751305823690486,FINISHED,file:///E:/Codigos/Proyecto%20Final/mlruns/441751305823690486/34314508eff0441b8b0960f3ae785336/artifacts,2025-11-21 15:39:47.441000+00:00,2025-11-21 15:40:17.257000+00:00,0.49225959181785583,0.45687127113342285,4702.316867538266,,,,,0.6703510880470276,,0.0010000000474974513,2.3782076835632324,30.0,,0.5050445199012756,2.3782076835632324,,0.4658930003643036,2.0797202587127686,7770.960170200893,0.4058457314968109,0.5599510669708252,0.6048770546913147,2.0797202587127686,0.48475274443626404,6398.539358434076,0.40010133385658264,0.3624937832355499,11140.860271073643,7.598206496725277,0.39517655968666077,0.42933887243270874,8.811990068396744,0.4917801022529602,0.6093292236328125,0.5001922845840454,12.272818473794358,10.847722050164098,1.0,0.3,128,7,0.3,,,30,,,3.0,0.001,adam,,30,499c4126ba318eb885e3a38eafb0ea080c91590e,,src/train/experiment_multimodal_grid_search.py,,User,,valor_agresivo_w30_20251121_123947,,LOCAL,,,,,,,,,,,,,,,,,,,,,,,,,,,,,,,,,,145540.0,valor_agresivo_w30,[32],[32],"[128, 64]",loss_weights,
ef7215170fd44fa3888d733f5e184c1d,441751305823690486,FINISHED,file:///E:/Codigos/Proyecto%20Final/mlruns/441751305823690486/ef7215170fd44fa3888d733f5e184c1d/artifacts,2025-11-21 15:39:22.360000+00:00,2025-11-21 15:39:47.428000+00:00,0.5141056180000305,0.5858942270278931,4728.062511660215,,,,,0.8130891919136047,,0.0005000000237487257,2.2358758449554443,30.0,,0.4873785674571991,2.2358758449554443,,0.479207843542099,2.328477144241333,7724.660484047203,0.5006587505340576,0.591766893863678,0.6547818183898926,2.328477144241333,0.5030120611190796,6267.168711559157,0.5051517486572266,0.42247653007507324,11653.561053585992,7.779284481997494,0.4739204943180084,0.5520998239517212,8.912851731855792,0.4866504669189453,0.5691484808921814,0.489859938621521,12.270666797698057,10.820565810948919,1.0,0.3,128,7,0.3,,,15,,,3.0,0.001,adam,,30,499c4126ba318eb885e3a38eafb0ea080c91590e,,src/train/experiment_multimodal_grid_search.py,,User,,valor_agresivo_w15_20251121_123922,,LOCAL,,,,,,,,,,,,,,,,,,,,,,,,,,,,,,,,,,145540.0,valor_agresivo_w15,[32],[32],"[128, 64]",loss_weights,
5b612d1c315640b58b8cab57f405726e,441751305823690486,FINISHED,file:///E:/Codigos/Proyecto%20Final/mlruns/441751305823690486/5b612d1c315640b58b8cab57f405726e/artifacts,2025-11-21 15:37:58.351000+00:00,2025-11-21 15:40:07.219000+00:00,0.539502739906311,0.5433825850486755,5556.990736788127,,,,,0.3700296878814697,,0.0010000000474974513,1.1663234233856201,30.0,,0.5384203195571899,1.1663234233856201,,0.5148401856422424,0.9237489104270935,6765.455078125,0.5063210129737854,0.45168429613113403,0.6133343577384949,0.9237489104270935,0.5393539667129517,7279.726724706395,0.5362406373023987,0.4536561071872711,9198.681107024546,8.272967526351163,0.4425947964191437,0.5605600476264954,10.669896836446519,0.5013899207115173,0.5493141412734985,0.5128769874572754,14.604980242732847,11.917247774357154,1.0,0.1,128,7,0.1,,,360,,,1.0,0.001,adam,,30,499c4126ba318eb885e3a38eafb0ea080c91590e,,src/train/experiment_multimodal_grid_search.py,,User,,solo_kpis_principales_w360_20251121_123758,,LOCAL,,,,,,,,,,,,,,,,,,,,,,,,,,,,,,,,,,145540.0,solo_kpis_principales_w360,[32],[32],"[128, 64]",loss_weights,
d6e076e3fda9434eafe8ca65bc285f3b,441751305823690486,FINISHED,file:///E:/Codigos/Proyecto%20Final/mlruns/441751305823690486/d6e076e3fda9434eafe8ca65bc285f3b/artifacts,2025-11-21 15:37:27.777000+00:00,2025-11-21 15:39:22.338000+00:00,0.5255246162414551,0.5495964884757996,6347.406350959218,,,,,0.3623013496398926,,0.0002500000118743628,1.3944734334945679,28.0,,0.5163745880126953,1.3944734334945679,,0.5279838442802429,0.924121081829071,7894.123812288852,0.4919879138469696,0.4480110704898834,0.7904707193374634,0.924121081829071,0.5156766176223755,8276.61568850371,0.5053563117980957,0.4844800531864166,10274.291762148438,8.271030551218159,0.49756917357444763,0.5147386193275452,9.448544660590331,0.5416227579116821,0.5880389213562012,0.5148639678955078,13.245705953689793,11.871273803463449,1.0,0.1,128,7,0.1,,,360,,,1.0,0.001,adam,,30,499c4126ba318eb885e3a38eafb0ea080c91590e,,src/train/experiment_multimodal_grid_search.py,,User,,solo_kpis_principales_w360_20251121_123727,,LOCAL,,,,,,,,,,,,,,,,,,,,,,,,,,,,,,,,,,145540.0,solo_kpis_principales_w360,[32],[32],"[128, 64]",loss_weights,
e98b178d744a433f94e2703db3f7a70e,441751305823690486,FINISHED,file:///E:/Codigos/Proyecto%20Final/mlruns/441751305823690486/e98b178d744a433f94e2703db3f7a70e/artifacts,2025-11-21 15:36:26.477000+00:00,2025-11-21 15:37:58.318000+00:00,0.5579497814178467,0.5156619548797607,6342.918937112791,,,,,0.6089015007019043,,0.0005000000237487257,1.3219234943389893,27.0,,0.5289384126663208,1.3219234943389893,,0.5596749186515808,1.308473825454712,7525.912029655612,0.42887425422668457,0.5916284918785095,0.6597197651863098,1.308473825454712,0.5480020642280579,7939.010885315564,0.41465556621551514,0.4605211615562439,10954.170607780856,8.546838993928871,0.5591995120048523,0.5143803358078003,9.932088373701355,0.6050795316696167,0.5880350470542908,0.5159155130386353,13.706839328281012,12.003621573489934,1.0,0.1,128,7,0.1,,,240,,,1.0,0.001,adam,,30,499c4126ba318eb885e3a38eafb0ea080c91590e,,src/train/experiment_multimodal_grid_search.py,,User,,solo_kpis_principales_w240_20251121_123626,,LOCAL,,,,,,,,,,,,,,,,,,,,,,,,,,,,,,,,,,145540.0,solo_kpis_principales_w240,[32],[32],"[128, 64]",loss_weights,
5e3f75eed9634b649cc13abaaad6fa60,441751305823690486,FINISHED,file:///E:/Codigos/Proyecto%20Final/mlruns/441751305823690486/5e3f75eed9634b649cc13abaaad6fa60/artifacts,2025-11-21 15:35:41.932000+00:00,2025-11-21 15:37:27.764000+00:00,0.5745771527290344,0.5362277030944824,5970.843389668367,,,,,0.6157560348510742,,0.0005000000237487257,1.2088053226470947,30.0,,0.5391532182693481,1.2088053226470947,,0.5459667444229126,1.2830954790115356,7328.729292889031,0.5420043468475342,0.5750285983085632,0.6120151281356812,1.2830954790115356,0.5501579642295837,7601.705598907977,0.4909777343273163,0.44839319586753845,10790.217369722073,9.063282791449097,0.4903532564640045,0.5281420946121216,10.4344972549305,0.5500208139419556,0.5313486456871033,0.5429438948631287,14.064838237970896,12.223771776915735,1.0,0.1,128,7,0.1,,,240,,,1.0,0.001,adam,,30,499c4126ba318eb885e3a38eafb0ea080c91590e,,src/train/experiment_multimodal_grid_search.py,,User,,solo_kpis_principales_w240_20251121_123541,,LOCAL,,,,,,,,,,,,,,,,,,,,,,,,,,,,,,,,,,145540.0,solo_kpis_principales_w240,[32],[32],"[128, 64]",loss_weights,
bc3e0c2fd5614040b5c1c677e15ec7e8,441751305823690486,FINISHED,file:///E:/Codigos/Proyecto%20Final/mlruns/441751305823690486/bc3e0c2fd5614040b5c1c677e15ec7e8/artifacts,2025-11-21 15:35:24.562000+00:00,2025-11-21 15:36:26.451000+00:00,0.5122160911560059,0.5599945783615112,5274.573176778395,,,,,0.5095300674438477,,0.0010000000474974513,1.746781587600708,30.0,,0.5629935264587402,1.746781587600708,,0.49380549788475037,1.0094274282455444,8488.611968493853,0.45089977979660034,0.5058261156082153,1.1739602088928223,1.0094274282455444,0.5094506144523621,6866.180056044405,0.4649716019630432,0.40046393871307373,13811.709800336204,8.245846009086948,0.4598555266857147,0.569663405418396,10.097594057927367,0.5225073099136353,0.6622256636619568,0.540806233882904,13.495804499415447,11.477008469977012,1.0,0.1,128,7,0.1,,,120,,,1.0,0.001,adam,,30,499c4126ba318eb885e3a38eafb0ea080c91590e,,src/train/experiment_multimodal_grid_search.py,,User,,solo_kpis_principales_w120_20251121_123524,,LOCAL,,,,,,,,,,,,,,,,,,,,,,,,,,,,,,,,,,145540.0,solo_kpis_principales_w120,[32],[32],"[128, 64]",loss_weights,
fb7d2c20072e42ff891ca1fb7a9cbcb2,441751305823690486,FINISHED,file:///E:/Codigos/Proyecto%20Final/mlruns/441751305823690486/fb7d2c20072e42ff891ca1fb7a9cbcb2/artifacts,2025-11-21 15:34:45.407000+00:00,2025-11-21 15:35:24.537000+00:00,0.5386545658111572,0.5211552977561951,4629.316460154584,,,,,0.4608847498893738,,0.0005000000237487257,0.8978885412216187,30.0,,0.5279204845428467,0.8978885412216187,,0.49254512786865234,0.9792075753211975,6948.807704640858,0.48165449500083923,0.5405914187431335,0.5121641755104065,0.9792075753211975,0.514151930809021,5971.475854891717,0.46325626969337463,0.40059179067611694,8644.637349877503,7.60024424554951,0.5151596069335938,0.5391796231269836,9.102446000967452,0.4734746813774109,0.5293872952461243,0.5089743137359619,11.701792965154072,10.026516118744645,1.0,0.1,128,7,0.1,,,60,,,1.0,0.001,adam,,30,499c4126ba318eb885e3a38eafb0ea080c91590e,,src/train/experiment_multimodal_grid_search.py,,User,,solo_kpis_principales_w60_20251121_123445,,LOCAL,,,,,,,,,,,,,,,,,,,,,,,,,,,,,,,,,,145540.0,solo_kpis_principales_w60,[32],[32],"[128, 64]",loss_weights,
56c0a8dd0ca54aba97590f3201257bfa,441751305823690486,FINISHED,file:///E:/Codigos/Proyecto%20Final/mlruns/441751305823690486/56c0a8dd0ca54aba97590f3201257bfa/artifacts,2025-11-21 15:34:37.207000+00:00,2025-11-21 15:35:41.917000+00:00,0.5032035112380981,0.5727347135543823,5224.547767088701,,,,,0.5205650925636292,,0.0010000000474974513,1.7973480224609375,30.0,,0.5673797726631165,1.7973480224609375,,0.47813671827316284,0.9971842765808105,8677.357646004099,0.4377460181713104,0.5077826380729675,1.1998261213302612,0.9971842765808105,0.4977445900440216,6802.718186023637,0.44546934962272644,0.3881324827671051,13910.872077278764,8.31925924600427,0.48223790526390076,0.5801044702529907,9.883149863964498,0.5376676917076111,0.6799231171607971,0.5523458123207092,13.302196174430897,11.489931824154622,1.0,0.1,128,7,0.1,,,120,,,1.0,0.001,adam,,30,499c4126ba318eb885e3a38eafb0ea080c91590e,,src/train/experiment_multimodal_grid_search.py,,User,,solo_kpis_principales_w120_20251121_123437,,LOCAL,,,,,,,,,,,,,,,,,,,,,,,,,,,,,,,,,,145540.0,solo_kpis_principales_w120,[32],[32],"[128, 64]",loss_weights,
cb73c461a5a74f93817f3132fa3d4e68,441751305823690486,FINISHED,file:///E:/Codigos/Proyecto%20Final/mlruns/441751305823690486/cb73c461a5a74f93817f3132fa3d4e68/artifacts,2025-11-21 15:34:22.008000+00:00,2025-11-21 15:34:45.383000+00:00,0.5161504149436951,0.4779511094093323,4833.021073102678,,,,,0.4939151406288147,,0.0010000000474974513,1.2920502424240112,30.0,,0.509990394115448,1.2920502424240112,,0.48897072672843933,0.9657496809959412,7910.685895647322,0.4432455003261566,0.526801586151123,0.6031227111816406,0.9657496809959412,0.5110725164413452,6493.625747770856,0.447894424200058,0.3830392062664032,11153.698718320811,7.794621117260991,0.39078259468078613,0.4508451819419861,8.794629867709412,0.5006328225135803,0.6073272228240967,0.5216953158378601,12.37416195028624,11.06543139332804,1.0,0.1,128,7,0.1,,,30,,,1.0,0.001,adam,,30,499c4126ba318eb885e3a38eafb0ea080c91590e,,src/train/experiment_multimodal_grid_search.py,,User,,solo_kpis_principales_w30_20251121_123421,,LOCAL,,,,,,,,,,,,,,,,,,,,,,,,,,,,,,,,,,145540.0,solo_kpis_principales_w30,[32],[32],"[128, 64]",loss_weights,
febf822c50194fadbb4396bfff54b406,441751305823690486,FINISHED,file:///E:/Codigos/Proyecto%20Final/mlruns/441751305823690486/febf822c50194fadbb4396bfff54b406/artifacts,2025-11-21 15:34:01.622000+00:00,2025-11-21 15:34:21.985000+00:00,0.5212904810905457,0.5756650567054749,4799.34736554071,,,,,0.6948294043540955,,0.0005000000237487257,1.251064658164978,30.0,,0.5033659338951111,1.251064658164978,,0.4909806549549103,1.26274573802948,7642.5070476398605,0.5061466097831726,0.574277400970459,0.6453241109848022,1.26274573802948,0.516642689704895,6338.142650702965,0.5275766253471375,0.43098801374435425,11563.733129703787,7.67421332177344,0.47376567125320435,0.5663061141967773,9.064381156410727,0.48300155997276306,0.575229823589325,0.48661258816719055,12.3284499411804,10.700919838969366,1.0,0.1,128,7,0.1,,,15,,,1.0,0.001,adam,,30,499c4126ba318eb885e3a38eafb0ea080c91590e,,src/train/experiment_multimodal_grid_search.py,,User,,solo_kpis_principales_w15_20251121_123401,,LOCAL,,,,,,,,,,,,,,,,,,,,,,,,,,,,,,,,,,145540.0,solo_kpis_principales_w15,[32],[32],"[128, 64]",loss_weights,
cdf3c3f0816a4041a8413e62c1c75c14,441751305823690486,FINISHED,file:///E:/Codigos/Proyecto%20Final/mlruns/441751305823690486/cdf3c3f0816a4041a8413e62c1c75c14/artifacts,2025-11-21 15:33:55.919000+00:00,2025-11-21 15:34:37.193000+00:00,0.5223783850669861,0.5083853006362915,4548.068882545975,,,,,0.6987523436546326,,0.0010000000474974513,1.0648173093795776,30.0,,0.5005255341529846,1.0648173093795776,,0.4901164174079895,1.2349554300308228,7003.585587686567,0.4519907832145691,0.5650262832641602,0.5691052675247192,1.2349554300308228,0.5063333511352539,5918.964102586712,0.4278532564640045,0.37581875920295715,10276.094536985554,7.24365752897283,0.5154632925987244,0.5509653091430664,8.630099184731684,0.4651648700237274,0.5335605144500732,0.4850943982601166,11.280117351519745,9.751469405204409,1.0,0.1,128,7,0.1,,,60,,,1.0,0.001,adam,,30,499c4126ba318eb885e3a38eafb0ea080c91590e,,src/train/experiment_multimodal_grid_search.py,,User,,solo_kpis_principales_w60_20251121_123355,,LOCAL,,,,,,,,,,,,,,,,,,,,,,,,,,,,,,,,,,145540.0,solo_kpis_principales_w60,[32],[32],"[128, 64]",loss_weights,
d5fe948c933f4e67aece32f783b05cc9,441751305823690486,FINISHED,file:///E:/Codigos/Proyecto%20Final/mlruns/441751305823690486/d5fe948c933f4e67aece32f783b05cc9/artifacts,2025-11-21 15:33:22.984000+00:00,2025-11-21 15:33:55.908000+00:00,0.508782148361206,0.4781384766101837,4646.87919075255,,,,,0.6744563579559326,,0.0010000000474974513,1.2576838731765747,30.0,,0.5105170011520386,1.2576838731765747,,0.4718199074268341,1.1697956323623657,7599.288643973215,0.44431114196777344,0.5513707399368286,0.5774039626121521,1.1697956323623657,0.5104685425758362,6369.5861703461505,0.4665626585483551,0.3961763083934784,11028.334754904618,7.770594316599321,0.3843492865562439,0.44272202253341675,8.803711474671656,0.4813511371612549,0.5834202766418457,0.5200872421264648,12.330146959459125,11.015888068950982,1.0,0.1,128,7,0.1,,,30,,,1.0,0.001,adam,,30,499c4126ba318eb885e3a38eafb0ea080c91590e,,src/train/experiment_multimodal_grid_search.py,,User,,solo_kpis_principales_w30_20251121_123322,,LOCAL,,,,,,,,,,,,,,,,,,,,,,,,,,,,,,,,,,145540.0,solo_kpis_principales_w30,[32],[32],"[128, 64]",loss_weights,
af5dedbe5bac478392e12f198f7338c5,441751305823690486,FINISHED,file:///E:/Codigos/Proyecto%20Final/mlruns/441751305823690486/af5dedbe5bac478392e12f198f7338c5/artifacts,2025-11-21 15:32:58.534000+00:00,2025-11-21 15:33:22.971000+00:00,0.5116024613380432,0.5738949179649353,4832.482135708043,,,,,0.7258933782577515,,0.0005000000237487257,1.2380701303482056,30.0,,0.49231982231140137,1.2380701303482056,,0.48226800560951233,1.2448220252990723,7535.9995219624125,0.5008103847503662,0.5700032114982605,0.6415846347808838,1.2448220252990723,0.5012153387069702,6322.72041061871,0.5023341774940491,0.431165874004364,11533.699634384515,7.771699789163473,0.467660129070282,0.5492132902145386,8.896462233750137,0.4853285253047943,0.5631614923477173,0.49464327096939087,12.207115057768604,10.694881352751828,1.0,0.1,128,7,0.1,,,15,,,1.0,0.001,adam,,30,499c4126ba318eb885e3a38eafb0ea080c91590e,,src/train/experiment_multimodal_grid_search.py,,User,,solo_kpis_principales_w15_20251121_123258,,LOCAL,,,,,,,,,,,,,,,,,,,,,,,,,,,,,,,,,,145540.0,solo_kpis_principales_w15,[32],[32],"[128, 64]",loss_weights,
a8c1f7628481475e8e9db57f34a9e05b,441751305823690486,FINISHED,file:///E:/Codigos/Proyecto%20Final/mlruns/441751305823690486/a8c1f7628481475e8e9db57f34a9e05b/artifacts,2025-11-21 15:31:56.588000+00:00,2025-11-21 15:34:01.599000+00:00,0.4862971305847168,0.4918597340583801,5612.475521868967,,,,,0.32606053352355957,,0.0010000000474974513,1.9385669231414795,30.0,,0.4823128879070282,1.9385669231414795,,0.50368732213974,1.6793750524520874,7051.370143581081,0.44087162613868713,0.4274613857269287,0.5114485025405884,1.6793750524520874,0.4657162129878998,7341.658341118657,0.44370079040527344,0.3910984992980957,9676.601889319094,7.479936783838456,0.4492817521095276,0.4859768748283386,8.954488400787,0.512412428855896,0.5211366415023804,0.463250070810318,12.942545442719243,11.324084124037224,1.0,1.0,128,7,1.0,,,360,,,1.0,0.001,adam,,30,499c4126ba318eb885e3a38eafb0ea080c91590e,,src/train/experiment_multimodal_grid_search.py,,User,,equitativo_w360_20251121_123156,,LOCAL,,,,,,,,,,,,,,,,,,,,,,,,,,,,,,,,,,145540.0,equitativo_w360,[32],[32],"[128, 64]",loss_weights,
06e43bff4819475fb15fe73d952a87cb,441751305823690486,FINISHED,file:///E:/Codigos/Proyecto%20Final/mlruns/441751305823690486/06e43bff4819475fb15fe73d952a87cb/artifacts,2025-11-21 15:30:56.732000+00:00,2025-11-21 15:32:58.519000+00:00,0.4887959361076355,0.5029321908950806,5876.362635165298,,,,,0.36931371688842773,,0.0002500000118743628,2.202439308166504,30.0,,0.4820830821990967,2.202439308166504,,0.4977625012397766,1.724837064743042,7691.437658361487,0.41323015093803406,0.453677237033844,0.747458815574646,1.724837064743042,0.487327516078949,7672.795121133411,0.42350220680236816,0.37407422065734863,10167.421241935272,7.596112041399745,0.4629010260105133,0.48914724588394165,9.069893465078938,0.5220317244529724,0.5984426736831665,0.47456175088882446,13.050905497036224,11.443978787151103,1.0,1.0,128,7,1.0,,,360,,,1.0,0.001,adam,,30,499c4126ba318eb885e3a38eafb0ea080c91590e,,src/train/experiment_multimodal_grid_search.py,,User,,equitativo_w360_20251121_123056,,LOCAL,,,,,,,,,,,,,,,,,,,,,,,,,,,,,,,,,,145540.0,equitativo_w360,[32],[32],"[128, 64]",loss_weights,
652b84999a6546ddb732df2c1b144a24,441751305823690486,FINISHED,file:///E:/Codigos/Proyecto%20Final/mlruns/441751305823690486/652b84999a6546ddb732df2c1b144a24/artifacts,2025-11-21 15:30:20.378000+00:00,2025-11-21 15:31:56.530000+00:00,0.5267691016197205,0.4993612766265869,6916.333460527515,,,,,0.4329463541507721,,0.0005000000237487257,2.219261646270752,30.0,,0.509171187877655,2.219261646270752,,0.5616089105606079,2.018641471862793,8207.374182876276,0.4091341495513916,0.5735814571380615,0.5939503908157349,2.018641471862793,0.5225654244422913,8642.678651776363,0.41578102111816406,0.4297409653663635,10629.778224607127,8.367067809702704,0.6338459253311157,0.49210405349731445,9.854241084774449,0.637117326259613,0.5950523018836975,0.5012364387512207,13.576499768737648,11.796088702375544,1.0,1.0,128,7,1.0,,,240,,,1.0,0.001,adam,,30,499c4126ba318eb885e3a38eafb0ea080c91590e,,src/train/experiment_multimodal_grid_search.py,,User,,equitativo_w240_20251121_123020,,LOCAL,,,,,,,,,,,,,,,,,,,,,,,,,,,,,,,,,,145540.0,equitativo_w240,[32],[32],"[128, 64]",loss_weights,
276ccb8a593a419f946b5565ae776a6f,441751305823690486,FINISHED,file:///E:/Codigos/Proyecto%20Final/mlruns/441751305823690486/276ccb8a593a419f946b5565ae776a6f/artifacts,2025-11-21 15:29:21.506000+00:00,2025-11-21 15:30:56.715000+00:00,0.527633011341095,0.499894380569458,6477.794089376822,,,,,0.4868336319923401,,0.0010000000474974513,2.0543200969696045,30.0,,0.48514482378959656,2.0543200969696045,,0.5672996640205383,1.983303427696228,7679.929328762755,0.4498588740825653,0.5665215849876404,0.537165641784668,1.983303427696228,0.5356972217559814,8086.129452216102,0.45765289664268494,0.4609270393848419,9788.885308134688,8.254678136753272,0.5371694564819336,0.4800906181335449,9.569993555719579,0.5644010305404663,0.5471315979957581,0.49930596351623535,13.519697859937407,11.792051024151885,1.0,1.0,128,7,1.0,,,240,,,1.0,0.001,adam,,30,499c4126ba318eb885e3a38eafb0ea080c91590e,,src/train/experiment_multimodal_grid_search.py,,User,,equitativo_w240_20251121_122921,,LOCAL,,,,,,,,,,,,,,,,,,,,,,,,,,,,,,,,,,145540.0,equitativo_w240,[32],[32],"[128, 64]",loss_weights,
b0547e786d584bf48edc724f14e6472b,441751305823690486,FINISHED,file:///E:/Codigos/Proyecto%20Final/mlruns/441751305823690486/b0547e786d584bf48edc724f14e6472b/artifacts,2025-11-21 15:29:19.644000+00:00,2025-11-21 15:30:20.342000+00:00,0.47276851534843445,0.5307347178459167,5386.393452740778,,,,,0.5269657373428345,,0.0010000000474974513,2.7130656242370605,30.0,,0.5144898891448975,2.7130656242370605,,0.4854622781276703,1.7622711658477783,8557.750720414959,0.4188130497932434,0.5162599086761475,1.1843992471694946,1.7622711658477783,0.46238669753074646,6924.986385058396,0.419234037399292,0.40057212114334106,13891.61167856504,7.871450602868681,0.4708273410797119,0.5271041989326477,9.166898361134585,0.5337157249450684,0.6704339981079102,0.5106688737869263,12.935815826779878,11.229338000749303,1.0,1.0,128,7,1.0,,,120,,,1.0,0.001,adam,,30,499c4126ba318eb885e3a38eafb0ea080c91590e,,src/train/experiment_multimodal_grid_search.py,,User,,equitativo_w120_20251121_122919,,LOCAL,,,,,,,,,,,,,,,,,,,,,,,,,,,,,,,,,,145540.0,equitativo_w120,[32],[32],"[128, 64]",loss_weights,
9f6fd2f2c0594f91bb20d0da8a2fc183,441751305823690486,FINISHED,file:///E:/Codigos/Proyecto%20Final/mlruns/441751305823690486/9f6fd2f2c0594f91bb20d0da8a2fc183/artifacts,2025-11-21 15:28:42.064000+00:00,2025-11-21 15:29:19.618000+00:00,0.4890967607498169,0.488803505897522,4556.7046819363,,,,,0.6911522746086121,,0.0010000000474974513,1.7631442546844482,30.0,,0.4407464861869812,1.7631442546844482,,0.49140089750289917,2.038245439529419,7142.591068097015,0.42168593406677246,0.5920706987380981,0.6126606464385986,2.038245439529419,0.4739501178264618,5895.474436540236,0.42023882269859314,0.39731597900390625,10383.125157427614,6.599145706274363,0.49081718921661377,0.4994991421699524,7.599384926021226,0.4660481810569763,0.5441505312919617,0.4419326186180115,10.695569584710034,9.313942114046071,1.0,1.0,128,7,1.0,,,60,,,1.0,0.001,adam,,30,499c4126ba318eb885e3a38eafb0ea080c91590e,,src/train/experiment_multimodal_grid_search.py,,User,,equitativo_w60_20251121_122842,,LOCAL,,,,,,,,,,,,,,,,,,,,,,,,,,,,,,,,,,145540.0,equitativo_w60,[32],[32],"[128, 64]",loss_weights,
9b00474dc0e74205a5975ae3ce984364,441751305823690486,FINISHED,file:///E:/Codigos/Proyecto%20Final/mlruns/441751305823690486/9b00474dc0e74205a5975ae3ce984364/artifacts,2025-11-21 15:28:20.530000+00:00,2025-11-21 15:29:21.494000+00:00,0.4669208526611328,0.5262631773948669,5538.383010337383,,,,,0.5580383539199829,,0.0010000000474974513,2.7256579399108887,30.0,,0.5074594020843506,2.7256579399108887,,0.4939831495285034,1.7644436359405518,8532.011510630124,0.41502153873443604,0.5205162763595581,1.182369351387024,1.7644436359405518,0.4565749168395996,7067.004395923638,0.41342777013778687,0.4086533486843109,13879.701780498872,7.674208053660337,0.49033692479133606,0.5266883969306946,9.041633789098233,0.5487757921218872,0.6684175133705139,0.497872531414032,12.930712888139846,11.181933599337537,1.0,1.0,128,7,1.0,,,120,,,1.0,0.001,adam,,30,499c4126ba318eb885e3a38eafb0ea080c91590e,,src/train/experiment_multimodal_grid_search.py,,User,,equitativo_w120_20251121_122820,,LOCAL,,,,,,,,,,,,,,,,,,,,,,,,,,,,,,,,,,145540.0,equitativo_w120,[32],[32],"[128, 64]",loss_weights,
827b65960a3c4b6da5990bdf9ee1d304,441751305823690486,FINISHED,file:///E:/Codigos/Proyecto%20Final/mlruns/441751305823690486/827b65960a3c4b6da5990bdf9ee1d304/artifacts,2025-11-21 15:28:16.374000+00:00,2025-11-21 15:28:42.039000+00:00,0.4846983850002289,0.4368530511856079,4772.086121540178,,,,,0.7735906839370728,,0.0010000000474974513,2.1941475868225098,30.0,,0.4840812087059021,2.1941475868225098,,0.483749657869339,1.940943956375122,7705.010951450893,0.4216790199279785,0.5689995884895325,0.5907158255577087,1.940943956375122,0.4773900806903839,6433.887808797834,0.4209437370300293,0.3914051651954651,11114.47624946089,7.181289668959015,0.3976215124130249,0.4164852499961853,8.271724175433723,0.5223034620285034,0.610813319683075,0.4734300374984741,11.994821380807627,10.56908829223216,1.0,1.0,128,7,1.0,,,30,,,1.0,0.001,adam,,30,499c4126ba318eb885e3a38eafb0ea080c91590e,,src/train/experiment_multimodal_grid_search.py,,User,,equitativo_w30_20251121_122816,,LOCAL,,,,,,,,,,,,,,,,,,,,,,,,,,,,,,,,,,145540.0,equitativo_w30,[32],[32],"[128, 64]",loss_weights,
683749b2eeaf4b7aafa9925baf15c75b,441751305823690486,FINISHED,file:///E:/Codigos/Proyecto%20Final/mlruns/441751305823690486/683749b2eeaf4b7aafa9925baf15c75b/artifacts,2025-11-21 15:27:57.098000+00:00,2025-11-21 15:28:16.354000+00:00,0.49084949493408203,0.5404637455940247,4879.707051760738,,,,,0.7098932266235352,,0.0010000000474974513,2.0270776748657227,30.0,,0.47642549872398376,2.0270776748657227,,0.4900227189064026,2.1229965686798096,7459.422394012237,0.4854339063167572,0.5753824710845947,0.6359230279922485,2.1229965686798096,0.485398530960083,6360.942117205456,0.49762457609176636,0.4405229091644287,11490.616872328246,7.3906452281849,0.4701736569404602,0.5234506726264954,8.609243810236396,0.4900713264942169,0.5574389100074768,0.4703903794288635,11.988704660001074,10.439395845990177,1.0,1.0,128,7,1.0,,,15,,,1.0,0.001,adam,,30,499c4126ba318eb885e3a38eafb0ea080c91590e,,src/train/experiment_multimodal_grid_search.py,,User,,equitativo_w15_20251121_122757,,LOCAL,,,,,,,,,,,,,,,,,,,,,,,,,,,,,,,,,,145540.0,equitativo_w15,[32],[32],"[128, 64]",loss_weights,
9bf26b0d27144e1ba9e65deb3b7626e6,441751305823690486,FINISHED,file:///E:/Codigos/Proyecto%20Final/mlruns/441751305823690486/9bf26b0d27144e1ba9e65deb3b7626e6/artifacts,2025-11-21 15:27:40.556000+00:00,2025-11-21 15:28:20.519000+00:00,0.5027728080749512,0.4961310029029846,4821.481470399119,,,,,0.5447861552238464,,0.0010000000474974513,1.786031723022461,30.0,,0.4717063307762146,1.786031723022461,,0.5143630504608154,1.8876844644546509,7186.475775419776,0.46932387351989746,0.5579308271408081,0.5913522243499756,1.8876844644546509,0.4883175492286682,6213.344761533784,0.485935777425766,0.4303082823753357,9640.616790487225,7.11962493294592,0.5100683569908142,0.510288417339325,8.338579328329578,0.4905568063259125,0.5439131855964661,0.4635883867740631,11.198245000016028,9.615012196148223,1.0,1.0,128,7,1.0,,,60,,,1.0,0.001,adam,,30,499c4126ba318eb885e3a38eafb0ea080c91590e,,src/train/experiment_multimodal_grid_search.py,,User,,equitativo_w60_20251121_122740,,LOCAL,,,,,,,,,,,,,,,,,,,,,,,,,,,,,,,,,,145540.0,equitativo_w60,[32],[32],"[128, 64]",loss_weights,
c2d87fcebf7e4ea9953ff40479315235,441751305823690486,FINISHED,file:///E:/Codigos/Proyecto%20Final/mlruns/441751305823690486/c2d87fcebf7e4ea9953ff40479315235/artifacts,2025-11-21 15:27:07.341000+00:00,2025-11-21 15:27:40.542000+00:00,0.4841134250164032,0.4335585832595825,4618.465690401786,,,,,0.7513061761856079,,0.0010000000474974513,2.156452178955078,30.0,,0.47835224866867065,2.156452178955078,,0.4762583076953888,1.927880048751831,7887.270103236607,0.4129372537136078,0.568188488483429,0.6096664071083069,1.927880048751831,0.4691718816757202,6369.670442820145,0.40424710512161255,0.3735220730304718,11174.71845757383,7.192438896334901,0.38602200150489807,0.4059200882911682,8.249040082036233,0.4784078896045685,0.6055294871330261,0.48139113187789917,12.000125013271337,10.57376253512801,1.0,1.0,128,7,1.0,,,30,,,1.0,0.001,adam,,30,499c4126ba318eb885e3a38eafb0ea080c91590e,,src/train/experiment_multimodal_grid_search.py,,User,,equitativo_w30_20251121_122707,,LOCAL,,,,,,,,,,,,,,,,,,,,,,,,,,,,,,,,,,145540.0,equitativo_w30,[32],[32],"[128, 64]",loss_weights,
d44faa249803459a85a16db7d5e14b25,441751305823690486,FINISHED,file:///E:/Codigos/Proyecto%20Final/mlruns/441751305823690486/d44faa249803459a85a16db7d5e14b25/artifacts,2025-11-21 15:26:41.925000+00:00,2025-11-21 15:27:07.317000+00:00,0.4863733649253845,0.5359257459640503,4742.061862996379,,,,,0.8239843249320984,,0.0010000000474974513,2.035069704055786,30.0,,0.4713275730609894,2.035069704055786,,0.48720499873161316,2.1292428970336914,7570.621558129371,0.47043412923812866,0.5885186791419983,0.6454206705093384,2.1292428970336914,0.47346267104148865,6301.939791533288,0.46520885825157166,0.42295020818710327,11553.61344138255,7.409286720054847,0.466921865940094,0.5178034901618958,8.585162331412485,0.48431599140167236,0.5745735168457031,0.46646711230278015,11.975829253734396,10.464127659091096,1.0,1.0,128,7,1.0,,,15,,,1.0,0.001,adam,,30,499c4126ba318eb885e3a38eafb0ea080c91590e,,src/train/experiment_multimodal_grid_search.py,,User,,equitativo_w15_20251121_122641,,LOCAL,,,,,,,,,,,,,,,,,,,,,,,,,,,,,,,,,,145540.0,equitativo_w15,[32],[32],"[128, 64]",loss_weights,
9f07a8fbdc2b423788617c1cd68e2e7e,441751305823690486,FINISHED,file:///E:/Codigos/Proyecto%20Final/mlruns/441751305823690486/9f07a8fbdc2b423788617c1cd68e2e7e/artifacts,2025-11-21 15:26:11.807000+00:00,2025-11-21 15:27:57.072000+00:00,0.5258488059043884,0.5291518568992615,6445.725895571911,,,,,0.431760311126709,,0.0005000000237487257,2.0226078033447266,28.0,,0.512241542339325,2.0226078033447266,,0.5378640294075012,1.36366868019104,6479.7069784628375,0.4977180063724518,0.46523213386535645,0.7282910346984863,1.36366868019104,0.5196132659912109,8121.208697528887,0.5296287536621094,0.4829418957233429,8353.013186154965,8.188420181568985,0.505598247051239,0.514937162399292,10.183266282541872,0.5461073517799377,0.5892643332481384,0.49799609184265137,13.69354873206331,11.676247317641858,2.0,0.3,128,7,0.3,,,360,,,0.5,0.001,adam,,30,499c4126ba318eb885e3a38eafb0ea080c91590e,,src/train/experiment_multimodal_grid_search.py,,User,,prioridad_producto_w360_20251121_122611,,LOCAL,,,,,,,,,,,,,,,,,,,,,,,,,,,,,,,,,,145540.0,prioridad_producto_w360,[32],[32],"[128, 64]",loss_weights,
388fefdbc66d4fd7a28dd416e04c4f59,441751305823690486,FINISHED,file:///E:/Codigos/Proyecto%20Final/mlruns/441751305823690486/388fefdbc66d4fd7a28dd416e04c4f59/artifacts,2025-11-21 15:24:46.830000+00:00,2025-11-21 15:26:41.912000+00:00,0.491489440202713,0.509221076965332,5658.670076345317,,,,,0.8399201035499573,,0.0010000000474974513,1.2513494491577148,30.0,,0.4941967725753784,1.2513494491577148,,0.5093703866004944,2.1318655014038086,6158.634237753378,0.48731961846351624,0.5134532451629639,0.36119672656059265,2.1318655014038086,0.4775469899177551,7362.495027638092,0.486301988363266,0.44099608063697815,8150.537556541725,7.687164476019074,0.4558733403682709,0.49417686462402344,9.043170803762312,0.5214964151382446,0.45739415287971497,0.48436588048934937,13.00662236636958,11.474822892929243,2.0,0.3,128,7,0.3,,,360,,,0.5,0.001,adam,,30,499c4126ba318eb885e3a38eafb0ea080c91590e,,src/train/experiment_multimodal_grid_search.py,,User,,prioridad_producto_w360_20251121_122446,,LOCAL,,,,,,,,,,,,,,,,,,,,,,,,,,,,,,,,,,145540.0,prioridad_producto_w360,[32],[32],"[128, 64]",loss_weights,
e5e5018fc9194b578984f2a573b70c11,441751305823690486,FINISHED,file:///E:/Codigos/Proyecto%20Final/mlruns/441751305823690486/e5e5018fc9194b578984f2a573b70c11/artifacts,2025-11-21 15:24:43.443000+00:00,2025-11-21 15:26:11.765000+00:00,0.5685675740242004,1.118288516998291,7344.865847417092,,,,,0.6818206310272217,,0.0002500000118743628,2.4875600337982178,30.0,,0.6041553020477295,2.4875600337982178,,0.6104306578636169,2.1792941093444824,9352.495176977041,0.5163618922233582,0.6501837372779846,0.8203644156455994,2.1792941093444824,0.7726699709892273,8871.29994746273,0.841376781463623,0.5531714558601379,12492.591772020285,14.373506462608763,0.6678231954574585,0.5914433002471924,11.692515142457477,0.6765927672386169,0.6780759692192078,0.861057460308075,14.883872052588051,17.652550943060007,2.0,0.3,128,7,0.3,,,240,,,0.5,0.001,adam,,30,499c4126ba318eb885e3a38eafb0ea080c91590e,,src/train/experiment_multimodal_grid_search.py,,User,,prioridad_producto_w240_20251121_122443,,LOCAL,,,,,,,,,,,,,,,,,,,,,,,,,,,,,,,,,,145540.0,prioridad_producto_w240,[32],[32],"[128, 64]",loss_weights,
23482a3e24ef4839b23f89310afb47e0,441751305823690486,FINISHED,file:///E:/Codigos/Proyecto%20Final/mlruns/441751305823690486/23482a3e24ef4839b23f89310afb47e0/artifacts,2025-11-21 15:23:45.004000+00:00,2025-11-21 15:24:43.422000+00:00,0.4780527353286743,0.5434539318084717,5888.308596274883,,,,,0.5345911383628845,,0.0010000000474974513,2.932351589202881,30.0,,0.537555456161499,2.932351589202881,,0.5124102830886841,1.5248252153396606,8384.308625768443,0.42667481303215027,0.5124660134315491,1.1695058345794678,1.5248252153396606,0.4693019390106201,7373.685835173914,0.42822685837745667,0.4384036064147949,13803.994999008353,8.104693790230316,0.5338178873062134,0.5446494817733765,9.577868821191005,0.5834485292434692,0.6568461656570435,0.5258007645606995,13.149345966160846,11.363098637732225,2.0,0.3,128,7,0.3,,,120,,,0.5,0.001,adam,,30,499c4126ba318eb885e3a38eafb0ea080c91590e,,src/train/experiment_multimodal_grid_search.py,,User,,prioridad_producto_w120_20251121_122344,,LOCAL,,,,,,,,,,,,,,,,,,,,,,,,,,,,,,,,,,145540.0,prioridad_producto_w120,[32],[32],"[128, 64]",loss_weights,
42ef285a0ddf4646817bc5e312d0fbeb,441751305823690486,FINISHED,file:///E:/Codigos/Proyecto%20Final/mlruns/441751305823690486/42ef285a0ddf4646817bc5e312d0fbeb/artifacts,2025-11-21 15:23:28.323000+00:00,2025-11-21 15:24:46.817000+00:00,0.5322592258453369,0.5003963112831116,6546.689677592018,,,,,0.6568189263343811,,0.0010000000474974513,1.9745804071426392,30.0,,0.512678861618042,1.9745804071426392,,0.5573210716247559,1.9086189270019531,7328.89186065051,0.4588507115840912,0.55804842710495,0.6946398019790649,1.9086189270019531,0.5271479487419128,8135.09173134434,0.45227453112602234,0.4763064384460449,10717.63897498405,8.457124020545892,0.5707772374153137,0.4993109703063965,9.870838326545915,0.6113733053207397,0.6152409315109253,0.5009310245513916,13.568861370294785,11.908047395897116,2.0,0.3,128,7,0.3,,,240,,,0.5,0.001,adam,,30,499c4126ba318eb885e3a38eafb0ea080c91590e,,src/train/experiment_multimodal_grid_search.py,,User,,prioridad_producto_w240_20251121_122328,,LOCAL,,,,,,,,,,,,,,,,,,,,,,,,,,,,,,,,,,145540.0,prioridad_producto_w240,[32],[32],"[128, 64]",loss_weights,
03e00467be874f1f83654955bd0bd2ea,441751305823690486,FINISHED,file:///E:/Codigos/Proyecto%20Final/mlruns/441751305823690486/03e00467be874f1f83654955bd0bd2ea/artifacts,2025-11-21 15:23:12.645000+00:00,2025-11-21 15:23:44.965000+00:00,0.5126407742500305,0.5129460096359253,4748.951910947495,,,,,0.6917588710784912,,0.0010000000474974513,1.683671474456787,30.0,,0.46887513995170593,1.683671474456787,,0.5297983288764954,1.968685269355774,7009.821332789179,0.4806537628173828,0.5828309655189514,0.5818899869918823,1.968685269355774,0.49438682198524475,6153.214786085481,0.4847927689552307,0.46949949860572815,10280.251603604336,7.081996441904162,0.5473065376281738,0.5234413146972656,8.015728704456581,0.48910003900527954,0.5343603491783142,0.47062769532203674,10.928387110618006,9.593625168248778,2.0,0.3,128,7,0.3,,,60,,,0.5,0.001,adam,,30,499c4126ba318eb885e3a38eafb0ea080c91590e,,src/train/experiment_multimodal_grid_search.py,,User,,prioridad_producto_w60_20251121_122312,,LOCAL,,,,,,,,,,,,,,,,,,,,,,,,,,,,,,,,,,145540.0,prioridad_producto_w60,[32],[32],"[128, 64]",loss_weights,
d42355ee40a940f0a3e2814272dfa2a2,441751305823690486,FINISHED,file:///E:/Codigos/Proyecto%20Final/mlruns/441751305823690486/d42355ee40a940f0a3e2814272dfa2a2/artifacts,2025-11-21 15:22:48.752000+00:00,2025-11-21 15:23:12.621000+00:00,0.49283847212791443,0.43961817026138306,4776.114185857781,,,,,0.6866599321365356,,0.0010000000474974513,1.9358280897140503,30.0,,0.48956817388534546,1.9358280897140503,,0.4881500005722046,1.8504678010940552,7636.997837611607,0.4194237291812897,0.5594119429588318,0.566490113735199,1.8504678010940552,0.4720115661621094,6465.202326284915,0.40709418058395386,0.3978920578956604,10940.909994786845,7.361550560776068,0.3918701410293579,0.4171590209007263,8.442455182756696,0.49473807215690613,0.5863153338432312,0.49270984530448914,12.090324654043208,10.670826589715936,2.0,0.3,128,7,0.3,,,30,,,0.5,0.001,adam,,30,499c4126ba318eb885e3a38eafb0ea080c91590e,,src/train/experiment_multimodal_grid_search.py,,User,,prioridad_producto_w30_20251121_122248,,LOCAL,,,,,,,,,,,,,,,,,,,,,,,,,,,,,,,,,,145540.0,prioridad_producto_w30,[32],[32],"[128, 64]",loss_weights,
a0192171c76e4c56993d4014bd8efca7,441751305823690486,FINISHED,file:///E:/Codigos/Proyecto%20Final/mlruns/441751305823690486/a0192171c76e4c56993d4014bd8efca7/artifacts,2025-11-21 15:22:37.886000+00:00,2025-11-21 15:23:28.310000+00:00,0.4943225085735321,0.536878764629364,5614.847386764491,,,,,0.5190531015396118,,0.0010000000474974513,2.9015419483184814,30.0,,0.547366738319397,2.9015419483184814,,0.5106344819068909,1.4974814653396606,8310.874279585041,0.43425169587135315,0.5086963176727295,1.1629648208618164,1.4974814653396606,0.4783555567264557,7131.461483049395,0.4259112775325775,0.42014598846435547,13765.337364452318,7.994191404248847,0.4993222951889038,0.5496249794960022,9.75267940494439,0.5563523173332214,0.651093065738678,0.5186318159103394,13.209269675295682,11.294149342167145,2.0,0.3,128,7,0.3,,,120,,,0.5,0.001,adam,,30,499c4126ba318eb885e3a38eafb0ea080c91590e,,src/train/experiment_multimodal_grid_search.py,,User,,prioridad_producto_w120_20251121_122237,,LOCAL,,,,,,,,,,,,,,,,,,,,,,,,,,,,,,,,,,145540.0,prioridad_producto_w120,[32],[32],"[128, 64]",loss_weights,
8c73f51ffec44951bc6554ccef5de9aa,441751305823690486,FINISHED,file:///E:/Codigos/Proyecto%20Final/mlruns/441751305823690486/8c73f51ffec44951bc6554ccef5de9aa/artifacts,2025-11-21 15:22:33.105000+00:00,2025-11-21 15:22:48.731000+00:00,0.5001381039619446,0.5484421253204346,4919.252111497877,,,,,0.6903814077377319,,0.0010000000474974513,1.940353274345398,30.0,,0.47678157687187195,1.940353274345398,,0.5113638043403625,1.9588526487350464,7371.772221918706,0.4819281995296478,0.5687516927719116,0.6116207242012024,1.9588526487350464,0.4852130115032196,6414.439408934692,0.48413562774658203,0.46333685517311096,11465.341488047188,7.463735521375597,0.4802852272987366,0.5263289213180542,8.615678046014045,0.49404284358024597,0.5508888363838196,0.4750423729419708,11.961182893877147,10.469354950527933,2.0,0.3,128,7,0.3,,,15,,,0.5,0.001,adam,,30,499c4126ba318eb885e3a38eafb0ea080c91590e,,src/train/experiment_multimodal_grid_search.py,,User,,prioridad_producto_w15_20251121_122233,,LOCAL,,,,,,,,,,,,,,,,,,,,,,,,,,,,,,,,,,145540.0,prioridad_producto_w15,[32],[32],"[128, 64]",loss_weights,
5d0183a7e3a14209b51065e1ed5c12f8,441751305823690486,FINISHED,file:///E:/Codigos/Proyecto%20Final/mlruns/441751305823690486/5d0183a7e3a14209b51065e1ed5c12f8/artifacts,2025-11-21 15:22:04.302000+00:00,2025-11-21 15:22:37.875000+00:00,0.5004487633705139,0.5097168684005737,4780.820850646322,,,,,0.660382091999054,,0.0010000000474974513,1.642297625541687,30.0,,0.46445178985595703,1.642297625541687,,0.5060681700706482,1.9159328937530518,6747.753366954291,0.4421840310096741,0.5615975260734558,0.5424827337265015,1.9159328937530518,0.482618510723114,6214.190482573524,0.42510786652565,0.42279499769210815,10158.63603671316,6.91945471285757,0.5785046219825745,0.5301430225372314,8.008113633340864,0.48897016048431396,0.5140702128410339,0.46338310837745667,10.946191784263164,9.502645919657503,2.0,0.3,128,7,0.3,,,60,,,0.5,0.001,adam,,30,499c4126ba318eb885e3a38eafb0ea080c91590e,,src/train/experiment_multimodal_grid_search.py,,User,,prioridad_producto_w60_20251121_122204,,LOCAL,,,,,,,,,,,,,,,,,,,,,,,,,,,,,,,,,,145540.0,prioridad_producto_w60,[32],[32],"[128, 64]",loss_weights,
a40c912ea8d14df798dc7446f91bfa4b,441751305823690486,FINISHED,file:///E:/Codigos/Proyecto%20Final/mlruns/441751305823690486/a40c912ea8d14df798dc7446f91bfa4b/artifacts,2025-11-21 15:21:38.402000+00:00,2025-11-21 15:22:04.290000+00:00,0.511163055896759,0.4676068425178528,5082.128541374362,,,,,0.6597299575805664,,0.0005000000237487257,2.028339385986328,30.0,,0.5037291049957275,2.028339385986328,,0.504449725151062,1.8951753377914429,7892.623744419643,0.43802785873413086,0.5582869648933411,0.5977773070335388,1.8951753377914429,0.49275895953178406,6696.829133033032,0.42313703894615173,0.4199543595314026,11197.509551969484,7.552755721734496,0.4096005856990814,0.44000357389450073,8.686655819172763,0.5264368057250977,0.6059405207633972,0.505507230758667,12.271756775650452,10.834531062641124,2.0,0.3,128,7,0.3,,,30,,,0.5,0.001,adam,,30,499c4126ba318eb885e3a38eafb0ea080c91590e,,src/train/experiment_multimodal_grid_search.py,,User,,prioridad_producto_w30_20251121_122138,,LOCAL,,,,,,,,,,,,,,,,,,,,,,,,,,,,,,,,,,145540.0,prioridad_producto_w30,[32],[32],"[128, 64]",loss_weights,
afa7c70bae5e41e282ef833a2c961650,441751305823690486,FINISHED,file:///E:/Codigos/Proyecto%20Final/mlruns/441751305823690486/afa7c70bae5e41e282ef833a2c961650/artifacts,2025-11-21 15:21:15.766000+00:00,2025-11-21 15:21:38.390000+00:00,0.5082347393035889,0.5852331519126892,4988.647908591408,,,,,0.7695449590682983,,0.0010000000474974513,1.995664358139038,30.0,,0.4946097135543823,1.995664358139038,,0.5120499730110168,1.9832890033721924,7483.975169361888,0.5226958394050598,0.5739269852638245,0.6376360654830933,1.9832890033721924,0.49575719237327576,6464.636843850656,0.5299892425537109,0.4813691973686218,11509.185618149928,7.702597904872228,0.49340391159057617,0.566737174987793,8.96303010344148,0.5183820724487305,0.5714319944381714,0.48788437247276306,12.254591560738485,10.690520620548169,2.0,0.3,128,7,0.3,,,15,,,0.5,0.001,adam,,30,499c4126ba318eb885e3a38eafb0ea080c91590e,,src/train/experiment_multimodal_grid_search.py,,User,,prioridad_producto_w15_20251121_122115,,LOCAL,,,,,,,,,,,,,,,,,,,,,,,,,,,,,,,,,,145540.0,prioridad_producto_w15,[32],[32],"[128, 64]",loss_weights,
0a60e6458b6c49bba168f00787712071,441751305823690486,FINISHED,file:///E:/Codigos/Proyecto%20Final/mlruns/441751305823690486/0a60e6458b6c49bba168f00787712071/artifacts,2025-11-21 15:20:47.199000+00:00,2025-11-21 15:22:33.082000+00:00,0.48984295129776,0.5062795281410217,5387.366921332045,,,,,0.8229198455810547,,0.0010000000474974513,2.0633935928344727,30.0,,0.4954037070274353,2.0633935928344727,,0.4752727746963501,2.1181349754333496,6415.246674408784,0.4257100820541382,0.5115382671356201,0.37687161564826965,2.1181349754333496,0.482078492641449,7231.386019855333,0.43082866072654724,0.3829614222049713,8306.51106035745,7.764125823974609,0.43588653206825256,0.49690499901771545,9.197528603454355,0.4918602705001831,0.474123477935791,0.48085057735443115,13.08725609828076,11.488878069432275,0.5,1.0,128,7,1.0,,,360,,,2.0,0.001,adam,,30,499c4126ba318eb885e3a38eafb0ea080c91590e,,src/train/experiment_multimodal_grid_search.py,,User,,prioridad_cliente_w360_20251121_122047,,LOCAL,,,,,,,,,,,,,,,,,,,,,,,,,,,,,,,,,,145540.0,prioridad_cliente_w360,[32],[32],"[128, 64]",loss_weights,
21a927f3294a496ea0ae1c2bad389c53,441751305823690486,FINISHED,file:///E:/Codigos/Proyecto%20Final/mlruns/441751305823690486/21a927f3294a496ea0ae1c2bad389c53/artifacts,2025-11-21 15:19:44.159000+00:00,2025-11-21 15:20:47.179000+00:00,0.5314319133758545,0.5007742643356323,7027.597082019862,,,,,0.6682722568511963,,0.0002500000118743628,2.691614866256714,22.0,,0.509465754032135,2.691614866256714,,0.551588237285614,2.3360345363616943,9009.62844786352,0.4757085144519806,0.610302746295929,0.7629323601722717,2.3360345363616943,0.5299973487854004,8659.423295017888,0.47589975595474243,0.4679676592350006,12221.50978125405,8.500434380578579,0.657259464263916,0.49485573172569275,10.118143776762937,0.6544853448867798,0.6420214176177979,0.505936861038208,13.666415263916505,11.834632867271832,0.5,1.0,128,7,1.0,,,240,,,2.0,0.001,adam,,30,499c4126ba318eb885e3a38eafb0ea080c91590e,,src/train/experiment_multimodal_grid_search.py,,User,,prioridad_cliente_w240_20251121_121944,,LOCAL,,,,,,,,,,,,,,,,,,,,,,,,,,,,,,,,,,145540.0,prioridad_cliente_w240,[32],[32],"[128, 64]",loss_weights,
ff0043457b6b4a849900b5b1079041e3,441751305823690486,FINISHED,file:///E:/Codigos/Proyecto%20Final/mlruns/441751305823690486/ff0043457b6b4a849900b5b1079041e3/artifacts,2025-11-21 15:19:24.749000+00:00,2025-11-21 15:21:15.751000+00:00,0.486601859331131,0.5044689774513245,5560.055225808397,,,,,0.4282665252685547,,0.0010000000474974513,2.4067800045013428,30.0,,0.4957236349582672,2.4067800045013428,,0.5157415270805359,2.0346338748931885,7145.072582347973,0.4208320677280426,0.4592093229293823,0.8806265592575073,2.0346338748931885,0.48133158683776855,7354.503916523394,0.4253257215023041,0.4282209873199463,9691.382207574758,7.941363559266314,0.4822361469268799,0.4975254535675049,9.62701296714282,0.5404719114303589,0.6641994714736938,0.47529637813568115,13.2608835837038,11.543194667339876,0.5,1.0,128,7,1.0,,,360,,,2.0,0.001,adam,,30,499c4126ba318eb885e3a38eafb0ea080c91590e,,src/train/experiment_multimodal_grid_search.py,,User,,prioridad_cliente_w360_20251121_121924,,LOCAL,,,,,,,,,,,,,,,,,,,,,,,,,,,,,,,,,,145540.0,prioridad_cliente_w360,[32],[32],"[128, 64]",loss_weights,
3b431d807c0443b486d52d64c3cfc1c9,441751305823690486,FINISHED,file:///E:/Codigos/Proyecto%20Final/mlruns/441751305823690486/3b431d807c0443b486d52d64c3cfc1c9/artifacts,2025-11-21 15:19:00.436000+00:00,2025-11-21 15:19:44.137000+00:00,0.4867759346961975,0.5515934228897095,5328.098823331382,,,,,0.5520853400230408,,0.0010000000474974513,2.630577802658081,30.0,,0.5326998829841614,2.630577802658081,,0.478939950466156,1.9169777631759644,8855.012006915984,0.42621323466300964,0.5391042232513428,1.2119745016098022,1.9169777631759644,0.47478899359703064,6886.4681721126835,0.4269331991672516,0.39199987053871155,14052.394121498115,8.2142790005972,0.4656042754650116,0.5417885780334473,9.491355243834734,0.5279396176338196,0.6937221884727478,0.5329102277755737,13.114765445213699,11.447877092928985,0.5,1.0,128,7,1.0,,,120,,,2.0,0.001,adam,,30,499c4126ba318eb885e3a38eafb0ea080c91590e,,src/train/experiment_multimodal_grid_search.py,,User,,prioridad_cliente_w120_20251121_121900,,LOCAL,,,,,,,,,,,,,,,,,,,,,,,,,,,,,,,,,,145540.0,prioridad_cliente_w120,[32],[32],"[128, 64]",loss_weights,
1590c8f59b6d4e0487ea425b7941ad4c,441751305823690486,FINISHED,file:///E:/Codigos/Proyecto%20Final/mlruns/441751305823690486/1590c8f59b6d4e0487ea425b7941ad4c/artifacts,2025-11-21 15:18:33.615000+00:00,2025-11-21 15:19:24.733000+00:00,0.5287184715270996,0.5085920095443726,7051.072218021138,,,,,0.7508991956710815,,0.0005000000237487257,2.680588483810425,17.0,,0.5275388360023499,2.680588483810425,,0.5670381784439087,2.358219623565674,9134.760084502552,0.5209594964981079,0.6164818406105042,0.7769656181335449,2.358219623565674,0.5307751893997192,8645.21641459355,0.5261080265045166,0.5190043449401855,12210.141763716212,8.633417268536181,0.6404489278793335,0.502615749835968,10.060066184219048,0.656296968460083,0.653052568435669,0.5189897418022156,13.719493139701449,11.885216076107397,0.5,1.0,128,7,1.0,,,240,,,2.0,0.001,adam,,30,499c4126ba318eb885e3a38eafb0ea080c91590e,,src/train/experiment_multimodal_grid_search.py,,User,,prioridad_cliente_w240_20251121_121833,,LOCAL,,,,,,,,,,,,,,,,,,,,,,,,,,,,,,,,,,145540.0,prioridad_cliente_w240,[32],[32],"[128, 64]",loss_weights,
d7446ac2ef7744d9acc395c4efac4acc,441751305823690486,FINISHED,file:///E:/Codigos/Proyecto%20Final/mlruns/441751305823690486/d7446ac2ef7744d9acc395c4efac4acc/artifacts,2025-11-21 15:18:31.533000+00:00,2025-11-21 15:19:00.412000+00:00,0.4898255169391632,0.4953833222389221,4462.3825393290235,,,,,0.8442114591598511,,0.0010000000474974513,1.8318917751312256,30.0,,0.47275468707084656,1.8318917751312256,,0.4847094416618347,2.069258213043213,7157.975848297575,0.413494735956192,0.5966745615005493,0.6146283149719238,2.069258213043213,0.47795748710632324,5840.534315722005,0.40876254439353943,0.3702135682106018,10440.595709296,6.834442459952348,0.48642322421073914,0.5101618766784668,7.981476562109584,0.4560098350048065,0.5430137515068054,0.45955318212509155,10.896627671377347,9.44084625110798,0.5,1.0,128,7,1.0,,,60,,,2.0,0.001,adam,,30,499c4126ba318eb885e3a38eafb0ea080c91590e,,src/train/experiment_multimodal_grid_search.py,,User,,prioridad_cliente_w60_20251121_121831,,LOCAL,,,,,,,,,,,,,,,,,,,,,,,,,,,,,,,,,,145540.0,prioridad_cliente_w60,[32],[32],"[128, 64]",loss_weights,
feb23184b2824007b7a5c9ff8d23ef69,441751305823690486,FINISHED,file:///E:/Codigos/Proyecto%20Final/mlruns/441751305823690486/feb23184b2824007b7a5c9ff8d23ef69/artifacts,2025-11-21 15:18:10.224000+00:00,2025-11-21 15:18:31.513000+00:00,0.48384329676628113,0.4516081213951111,4722.3842551339285,,,,,0.7837550044059753,,0.0010000000474974513,2.246544122695923,30.0,,0.4857243597507477,2.246544122695923,,0.47779858112335205,1.9539527893066406,7585.015150669643,0.43734011054039,0.5634718537330627,0.5956228971481323,1.9539527893066406,0.47343137860298157,6406.42153739532,0.4320739805698395,0.3859105408191681,11036.325735490467,7.260587225154954,0.3937286138534546,0.41788047552108765,8.30401252824433,0.4859911799430847,0.5993885397911072,0.49641814827919006,12.00004452414314,10.591264040244651,0.5,1.0,128,7,1.0,,,30,,,2.0,0.001,adam,,30,499c4126ba318eb885e3a38eafb0ea080c91590e,,src/train/experiment_multimodal_grid_search.py,,User,,prioridad_cliente_w30_20251121_121810,,LOCAL,,,,,,,,,,,,,,,,,,,,,,,,,,,,,,,,,,145540.0,prioridad_cliente_w30,[32],[32],"[128, 64]",loss_weights,
aed6e073a889455bb9c6dabbb6060bf9,441751305823690486,FINISHED,file:///E:/Codigos/Proyecto%20Final/mlruns/441751305823690486/aed6e073a889455bb9c6dabbb6060bf9/artifacts,2025-11-21 15:17:52.200000+00:00,2025-11-21 15:18:10.199000+00:00,0.4935337007045746,0.552148699760437,4989.399140546953,,,,,0.760219156742096,,0.0005000000237487257,2.1333515644073486,30.0,,0.48591896891593933,2.1333515644073486,,0.4969553053379059,2.256075859069824,8013.506719842658,0.5306539535522461,0.6042821407318115,0.7088851928710938,2.256075859069824,0.4886689782142639,6447.20533524498,0.5397658944129944,0.47754591703414917,11906.351721369121,7.589502934809332,0.48099297285079956,0.5334980487823486,8.780795528933957,0.5010877251625061,0.598845362663269,0.4830470681190491,12.105137370364542,10.542933898533752,0.5,1.0,128,7,1.0,,,15,,,2.0,0.001,adam,,30,499c4126ba318eb885e3a38eafb0ea080c91590e,,src/train/experiment_multimodal_grid_search.py,,User,,prioridad_cliente_w15_20251121_121752,,LOCAL,,,,,,,,,,,,,,,,,,,,,,,,,,,,,,,,,,145540.0,prioridad_cliente_w15,[32],[32],"[128, 64]",loss_weights,
97bd54fe97e64548aa0b48a2fe0c0a94,441751305823690486,FINISHED,file:///E:/Codigos/Proyecto%20Final/mlruns/441751305823690486/97bd54fe97e64548aa0b48a2fe0c0a94/artifacts,2025-11-21 15:17:43.441000+00:00,2025-11-21 15:18:33.604000+00:00,0.4897480309009552,0.5483375191688538,5387.992555401054,,,,,0.564809262752533,,0.0010000000474974513,2.653571367263794,30.0,,0.5397586226463318,2.653571367263794,,0.4821624159812927,1.9245728254318237,8819.641153304303,0.4280264377593994,0.5379800200462341,1.2081867456436157,1.9245728254318237,0.4751177430152893,6926.1081109599845,0.42741525173187256,0.39390188455581665,13989.864278490013,8.38640859813824,0.4785093367099762,0.5441218018531799,9.800990897542697,0.5363015532493591,0.6982677578926086,0.5340385437011719,13.251585934518276,11.490916627585635,0.5,1.0,128,7,1.0,,,120,,,2.0,0.001,adam,,30,499c4126ba318eb885e3a38eafb0ea080c91590e,,src/train/experiment_multimodal_grid_search.py,,User,,prioridad_cliente_w120_20251121_121743,,LOCAL,,,,,,,,,,,,,,,,,,,,,,,,,,,,,,,,,,145540.0,prioridad_cliente_w120,[32],[32],"[128, 64]",loss_weights,
56ceb2e5d6cb46268aad7064c5f21f7d,441751305823690486,FINISHED,file:///E:/Codigos/Proyecto%20Final/mlruns/441751305823690486/56ceb2e5d6cb46268aad7064c5f21f7d/artifacts,2025-11-21 15:17:08.640000+00:00,2025-11-21 15:17:43.430000+00:00,0.4926925301551819,0.4920285940170288,4521.570341950958,,,,,0.8496082425117493,,0.0010000000474974513,1.8219372034072876,30.0,,0.4562159478664398,1.8219372034072876,,0.4914308488368988,2.088625431060791,7229.501676189366,0.43205681443214417,0.5910308957099915,0.6179343461990356,2.088625431060791,0.4708864092826843,5856.336730387951,0.41678333282470703,0.387869268655777,10466.384609521707,6.760230424307557,0.48829880356788635,0.5029018521308899,7.866110669524432,0.4624546766281128,0.5507717132568359,0.45272016525268555,10.785536744735603,9.387404401887371,0.5,1.0,128,7,1.0,,,60,,,2.0,0.001,adam,,30,499c4126ba318eb885e3a38eafb0ea080c91590e,,src/train/experiment_multimodal_grid_search.py,,User,,prioridad_cliente_w60_20251121_121708,,LOCAL,,,,,,,,,,,,,,,,,,,,,,,,,,,,,,,,,,145540.0,prioridad_cliente_w60,[32],[32],"[128, 64]",loss_weights,
70ae91eeb46e4d55874da98d1a8c4066,441751305823690486,FINISHED,file:///E:/Codigos/Proyecto%20Final/mlruns/441751305823690486/70ae91eeb46e4d55874da98d1a8c4066/artifacts,2025-11-21 15:16:41.073000+00:00,2025-11-21 15:17:08.630000+00:00,0.4824170172214508,0.4477006793022156,4798.352474984056,,,,,0.6990011930465698,,0.0010000000474974513,2.2492449283599854,30.0,,0.48005440831184387,2.2492449283599854,,0.48061472177505493,1.9607821702957153,7810.898060825893,0.4386071562767029,0.5616508722305298,0.6100201606750488,1.9607821702957153,0.4738999307155609,6446.230868775069,0.43834561109542847,0.39774230122566223,11155.260069178768,7.297193842518086,0.38557595014572144,0.4162067174911499,8.278393488514181,0.49704158306121826,0.5996662378311157,0.48840245604515076,11.998425032347017,10.63500065605495,0.5,1.0,128,7,1.0,,,30,,,2.0,0.001,adam,,30,499c4126ba318eb885e3a38eafb0ea080c91590e,,src/train/experiment_multimodal_grid_search.py,,User,,prioridad_cliente_w30_20251121_121641,,LOCAL,,,,,,,,,,,,,,,,,,,,,,,,,,,,,,,,,,145540.0,prioridad_cliente_w30,[32],[32],"[128, 64]",loss_weights,
310dc5f5e4564cc8a79e104de82eb043,441751305823690486,FINISHED,file:///E:/Codigos/Proyecto%20Final/mlruns/441751305823690486/310dc5f5e4564cc8a79e104de82eb043/artifacts,2025-11-21 15:16:18.751000+00:00,2025-11-21 15:16:41.062000+00:00,0.492267906665802,0.5397235155105591,4640.1581803509,,,,,0.7464480400085449,,0.0010000000474974513,2.0410516262054443,30.0,,0.47184064984321594,2.0410516262054443,,0.4905080199241638,2.216993570327759,7756.281181708916,0.487043559551239,0.5850937366485596,0.67124342918396,2.216993570327759,0.48092174530029297,6224.604678526472,0.48850885033607483,0.44331344962120056,11687.775312597772,7.339820656028541,0.456204891204834,0.5228383541107178,8.526392621355695,0.4660132825374603,0.5796230435371399,0.4671555757522583,11.959692667925996,10.421894801563745,0.5,1.0,128,7,1.0,,,15,,,2.0,0.001,adam,,30,499c4126ba318eb885e3a38eafb0ea080c91590e,,src/train/experiment_multimodal_grid_search.py,,User,,prioridad_cliente_w15_20251121_121618,,LOCAL,,,,,,,,,,,,,,,,,,,,,,,,,,,,,,,,,,145540.0,prioridad_cliente_w15,[32],[32],"[128, 64]",loss_weights,
1ecb412b29a448e5a0b35f65625a92a2,441751305823690486,FINISHED,file:///E:/Codigos/Proyecto%20Final/mlruns/441751305823690486/1ecb412b29a448e5a0b35f65625a92a2/artifacts,2025-11-21 15:16:11.570000+00:00,2025-11-21 15:17:52.171000+00:00,0.48407676815986633,0.5144963264465332,6248.274389358108,,,,,0.38316023349761963,,0.0010000000474974513,2.048279047012329,30.0,,0.5013778209686279,2.048279047012329,,0.49295052886009216,1.278975248336792,7057.806614231419,0.4478185474872589,0.4632247984409332,1.0495725870132446,1.278975248336792,0.48267093300819397,8069.215571281191,0.46219876408576965,0.41419216990470886,8861.385525650105,8.221559252057755,0.4905449151992798,0.5018268823623657,9.741943617124814,0.5334282517433167,0.6390787363052368,0.49136534333229065,13.374775204735531,11.738030663735488,1.0,0.5,128,7,0.5,,,360,,,1.0,0.001,adam,,30,499c4126ba318eb885e3a38eafb0ea080c91590e,,src/train/experiment_multimodal_grid_search.py,,User,,balanceado_w360_20251121_121611,,LOCAL,,,,,,,,,,,,,,,,,,,,,,,,,,,,,,,,,,145540.0,balanceado_w360,[32],[32],"[128, 64]",loss_weights,
19d08201d4e24e1497ea216da0d3c8bc,441751305823690486,FINISHED,file:///E:/Codigos/Proyecto%20Final/mlruns/441751305823690486/19d08201d4e24e1497ea216da0d3c8bc/artifacts,2025-11-21 15:14:43.847000+00:00,2025-11-21 15:16:11.547000+00:00,0.5374400019645691,0.497524231672287,6295.249128689869,,,,,0.6543567776679993,,0.0010000000474974513,1.690505027770996,30.0,,0.5014028549194336,1.690505027770996,,0.5318112969398499,1.686364769935608,7925.916533801021,0.5134001970291138,0.5972350239753723,0.6510665416717529,1.686364769935608,0.5351643562316895,8027.338999273373,0.5276771783828735,0.5275818109512329,11129.14524727476,8.300548898235354,0.5468021035194397,0.48774856328964233,9.703896258384768,0.5799043774604797,0.5746459364891052,0.49725162982940674,13.516284825692987,11.774371729037894,1.0,0.5,128,7,0.5,,,240,,,1.0,0.001,adam,,30,499c4126ba318eb885e3a38eafb0ea080c91590e,,src/train/experiment_multimodal_grid_search.py,,User,,balanceado_w240_20251121_121443,,LOCAL,,,,,,,,,,,,,,,,,,,,,,,,,,,,,,,,,,145540.0,balanceado_w240,[32],[32],"[128, 64]",loss_weights,
1bb8a8fa1cd74d5db3c5a20dc0fe0b78,441751305823690486,FINISHED,file:///E:/Codigos/Proyecto%20Final/mlruns/441751305823690486/1bb8a8fa1cd74d5db3c5a20dc0fe0b78/artifacts,2025-11-21 15:14:25.334000+00:00,2025-11-21 15:16:18.739000+00:00,0.4875390827655792,0.5024839639663696,5829.093566330839,,,,,0.35792919993400574,,0.0010000000474974513,1.6703474521636963,30.0,,0.4850609302520752,1.6703474521636963,,0.49930641055107117,1.2390180826187134,7258.285736908784,0.46554288268089294,0.44171828031539917,0.7226685881614685,1.2390180826187134,0.4884955883026123,7527.024971395263,0.4827730655670166,0.4290917217731476,9511.586129274176,7.458479030712231,0.45175424218177795,0.48936527967453003,8.994606069616369,0.5135761499404907,0.5807666778564453,0.47470998764038086,12.931238482171361,11.33131045858607,1.0,0.5,128,7,0.5,,,360,,,1.0,0.001,adam,,30,499c4126ba318eb885e3a38eafb0ea080c91590e,,src/train/experiment_multimodal_grid_search.py,,User,,balanceado_w360_20251121_121425,,LOCAL,,,,,,,,,,,,,,,,,,,,,,,,,,,,,,,,,,145540.0,balanceado_w360,[32],[32],"[128, 64]",loss_weights,
edcef217ce684ec28f76b46223460783,441751305823690486,FINISHED,file:///E:/Codigos/Proyecto%20Final/mlruns/441751305823690486/edcef217ce684ec28f76b46223460783/artifacts,2025-11-21 15:14:02.192000+00:00,2025-11-21 15:14:43.818000+00:00,0.49053314328193665,0.5390979051589966,5412.760211285129,,,,,0.5208086371421814,,0.0010000000474974513,2.19844651222229,30.0,,0.5304681658744812,2.19844651222229,,0.4970385730266571,1.3710510730743408,8564.456470927254,0.4255218207836151,0.5206410884857178,1.1819301843643188,1.3710510730743408,0.47514739632606506,6975.991435113087,0.42138105630874634,0.4038648009300232,13877.124084918409,8.093671615564851,0.4777885675430298,0.5383575558662415,9.451590642996079,0.5363283157348633,0.6709592938423157,0.5250856876373291,13.073172741669673,11.317466690243222,1.0,0.5,128,7,0.5,,,120,,,1.0,0.001,adam,,30,499c4126ba318eb885e3a38eafb0ea080c91590e,,src/train/experiment_multimodal_grid_search.py,,User,,balanceado_w120_20251121_121402,,LOCAL,,,,,,,,,,,,,,,,,,,,,,,,,,,,,,,,,,145540.0,balanceado_w120,[32],[32],"[128, 64]",loss_weights,
68591b7c079849acad6fc63a32a0db88,441751305823690486,FINISHED,file:///E:/Codigos/Proyecto%20Final/mlruns/441751305823690486/68591b7c079849acad6fc63a32a0db88/artifacts,2025-11-21 15:13:25.571000+00:00,2025-11-21 15:14:02.161000+00:00,0.506801962852478,0.5061358213424683,4938.573572228145,,,,,0.4693322777748108,,0.0010000000474974513,1.2986812591552734,30.0,,0.48400652408599854,1.2986812591552734,,0.5275808572769165,1.3736180067062378,6840.7240117770525,0.442177951335907,0.5493471622467041,0.5487616062164307,1.3736180067062378,0.4955903887748718,6271.507058240653,0.43748608231544495,0.4320064187049866,8356.19729232808,7.2899139745911565,0.4969266653060913,0.5165694952011108,8.532976361988451,0.4737718403339386,0.5404998064041138,0.4837561547756195,11.241972410856377,9.756359163575347,1.0,0.5,128,7,0.5,,,60,,,1.0,0.001,adam,,30,499c4126ba318eb885e3a38eafb0ea080c91590e,,src/train/experiment_multimodal_grid_search.py,,User,,balanceado_w60_20251121_121325,,LOCAL,,,,,,,,,,,,,,,,,,,,,,,,,,,,,,,,,,145540.0,balanceado_w60,[32],[32],"[128, 64]",loss_weights,
ab33c1455d3f4a7a8e6ef35d69454c40,441751305823690486,FINISHED,file:///E:/Codigos/Proyecto%20Final/mlruns/441751305823690486/ab33c1455d3f4a7a8e6ef35d69454c40/artifacts,2025-11-21 15:13:04.810000+00:00,2025-11-21 15:13:25.543000+00:00,0.48705726861953735,0.44508326053619385,4763.451865146683,,,,,0.6918647289276123,,0.0010000000474974513,1.6689478158950806,30.0,,0.4910176992416382,1.6689478158950806,,0.4812033474445343,1.516197681427002,7700.023521205357,0.4556666314601898,0.5586345791816711,0.5911886096000671,1.516197681427002,0.47892478108406067,6437.357975938945,0.45354700088500977,0.4060242772102356,11086.937356752183,7.353149246682925,0.38890308141708374,0.4176233410835266,8.476238877432687,0.4805118143558502,0.6008585691452026,0.4916824996471405,12.056876914288608,10.628103283843261,1.0,0.5,128,7,0.5,,,30,,,1.0,0.001,adam,,30,499c4126ba318eb885e3a38eafb0ea080c91590e,,src/train/experiment_multimodal_grid_search.py,,User,,balanceado_w30_20251121_121304,,LOCAL,,,,,,,,,,,,,,,,,,,,,,,,,,,,,,,,,,145540.0,balanceado_w30,[32],[32],"[128, 64]",loss_weights,
51775acb863d4707973eeee53c4b91b1,441751305823690486,FINISHED,file:///E:/Codigos/Proyecto%20Final/mlruns/441751305823690486/51775acb863d4707973eeee53c4b91b1/artifacts,2025-11-21 15:12:48.380000+00:00,2025-11-21 15:13:04.789000+00:00,0.4900451600551605,0.549325704574585,4844.370115150475,,,,,0.738388180732727,,0.0005000000237487257,1.6020629405975342,30.0,,0.48649024963378906,1.6020629405975342,,0.47462794184684753,1.6194695234298706,7536.246339597902,0.5114670395851135,0.5726637244224548,0.6372747421264648,1.6194695234298706,0.4753934144973755,6340.327418456636,0.5135996341705322,0.4420834481716156,11547.163888878707,7.5353608031372925,0.468125581741333,0.5349158644676208,8.793500860254248,0.4887440800666809,0.5643609762191772,0.4779033660888672,12.093259945456568,10.532121374239495,1.0,0.5,128,7,0.5,,,15,,,1.0,0.001,adam,,30,499c4126ba318eb885e3a38eafb0ea080c91590e,,src/train/experiment_multimodal_grid_search.py,,User,,balanceado_w15_20251121_121248,,LOCAL,,,,,,,,,,,,,,,,,,,,,,,,,,,,,,,,,,145540.0,balanceado_w15,[32],[32],"[128, 64]",loss_weights,
784b7e8570ec45cc8ec9c6649c6792d7,441751305823690486,FINISHED,file:///E:/Codigos/Proyecto%20Final/mlruns/441751305823690486/784b7e8570ec45cc8ec9c6649c6792d7/artifacts,2025-11-21 15:12:46.904000+00:00,2025-11-21 15:14:25.321000+00:00,0.5462480187416077,0.5149121284484863,7077.192910440962,,,,,0.5594350695610046,,0.0005000000237487257,1.7145562171936035,30.0,,0.5284523367881775,1.7145562171936035,,0.5650669932365417,1.5676624774932861,7968.527004942602,0.522686243057251,0.5869667530059814,0.5594884753227234,1.5676624774932861,0.5352129936218262,8678.84047036981,0.4984123110771179,0.5403420329093933,10316.792115543312,8.675017509794097,0.6391611099243164,0.5169010758399963,10.227398953006842,0.6519352793693542,0.5777353644371033,0.5196844935417175,13.914355056515209,11.978355147182274,1.0,0.5,128,7,0.5,,,240,,,1.0,0.001,adam,,30,499c4126ba318eb885e3a38eafb0ea080c91590e,,src/train/experiment_multimodal_grid_search.py,,User,,balanceado_w240_20251121_121246,,LOCAL,,,,,,,,,,,,,,,,,,,,,,,,,,,,,,,,,,145540.0,balanceado_w240,[32],[32],"[128, 64]",loss_weights,
fda8d82e37144c298452166c038d50c4,441751305823690486,FINISHED,file:///E:/Codigos/Proyecto%20Final/mlruns/441751305823690486/fda8d82e37144c298452166c038d50c4/artifacts,2025-11-21 15:12:01.484000+00:00,2025-11-21 15:12:46.893000+00:00,0.48259180784225464,0.5376904606819153,5415.3136186694965,,,,,0.5279563665390015,,0.0010000000474974513,2.2552099227905273,30.0,,0.5245232582092285,2.2552099227905273,,0.47667816281318665,1.352016568183899,8819.442959144468,0.4242876172065735,0.5182788968086243,1.2204817533493042,1.352016568183899,0.4788931906223297,6933.282839428374,0.428646057844162,0.3910331726074219,13991.049099702022,7.771671576578108,0.4977995753288269,0.5361666679382324,9.2996157036453,0.5471169948577881,0.6923856735229492,0.5205878019332886,13.017415417261294,11.207955458568504,1.0,0.5,128,7,0.5,,,120,,,1.0,0.001,adam,,30,499c4126ba318eb885e3a38eafb0ea080c91590e,,src/train/experiment_multimodal_grid_search.py,,User,,balanceado_w120_20251121_121201,,LOCAL,,,,,,,,,,,,,,,,,,,,,,,,,,,,,,,,,,145540.0,balanceado_w120,[32],[32],"[128, 64]",loss_weights,
5a4ddbfaf0094629b56b30b00ee57b70,441751305823690486,FINISHED,file:///E:/Codigos/Proyecto%20Final/mlruns/441751305823690486/5a4ddbfaf0094629b56b30b00ee57b70/artifacts,2025-11-21 15:11:24.780000+00:00,2025-11-21 15:12:01.472000+00:00,0.4972822070121765,0.4997981786727905,4559.16587221815,,,,,0.45547500252723694,,0.0010000000474974513,1.2533957958221436,30.0,,0.4762983024120331,1.2533957958221436,,0.49781912565231323,1.3442068099975586,6705.902606110075,0.4567581117153168,0.5397439002990723,0.521842360496521,1.3442068099975586,0.49413472414016724,5923.181339396096,0.4694429934024811,0.43250375986099243,8581.866431296776,7.073226485425221,0.5066186189651489,0.509953498840332,8.138799122401648,0.4866519868373871,0.5282291769981384,0.4748501479625702,10.99714340356528,9.54504406222219,1.0,0.5,128,7,0.5,,,60,,,1.0,0.001,adam,,30,499c4126ba318eb885e3a38eafb0ea080c91590e,,src/train/experiment_multimodal_grid_search.py,,User,,balanceado_w60_20251121_121124,,LOCAL,,,,,,,,,,,,,,,,,,,,,,,,,,,,,,,,,,145540.0,balanceado_w60,[32],[32],"[128, 64]",loss_weights,
b9c2508d51694bd9b9b2d59e748dc08c,441751305823690486,FINISHED,file:///E:/Codigos/Proyecto%20Final/mlruns/441751305823690486/b9c2508d51694bd9b9b2d59e748dc08c/artifacts,2025-11-21 15:10:58.554000+00:00,2025-11-21 15:11:24.769000+00:00,0.490351140499115,0.44006288051605225,4765.634921316964,,,,,0.7719730734825134,,0.0010000000474974513,1.667380452156067,30.0,,0.4867422878742218,1.667380452156067,,0.4828459620475769,1.526127815246582,7730.677901785714,0.45431646704673767,0.5657962560653687,0.5918192863464355,1.526127815246582,0.4811781346797943,6417.790863532838,0.45129331946372986,0.40072116255760193,11113.403779686376,7.342904160947216,0.38489967584609985,0.4141930937767029,8.393724262471103,0.49365249276161194,0.5935074090957642,0.491461843252182,12.042551873729174,10.641266400225554,1.0,0.5,128,7,0.5,,,30,,,1.0,0.001,adam,,30,499c4126ba318eb885e3a38eafb0ea080c91590e,,src/train/experiment_multimodal_grid_search.py,,User,,balanceado_w30_20251121_121058,,LOCAL,,,,,,,,,,,,,,,,,,,,,,,,,,,,,,,,,,145540.0,balanceado_w30,[32],[32],"[128, 64]",loss_weights,
022e8b48b8be4447b48f7210e1506ecc,441751305823690486,FINISHED,file:///E:/Codigos/Proyecto%20Final/mlruns/441751305823690486/022e8b48b8be4447b48f7210e1506ecc/artifacts,2025-11-21 15:10:36.575000+00:00,2025-11-21 15:10:58.544000+00:00,0.5071231126785278,0.5753766894340515,4808.171608141858,,,,,0.7644115686416626,,0.0005000000237487257,1.6445047855377197,30.0,,0.4973817765712738,1.6445047855377197,,0.4843486547470093,1.6581405401229858,7528.129589160839,0.5105887055397034,0.5819861888885498,0.6643257737159729,1.6581405401229858,0.4952567517757416,6318.242996233706,0.5114321708679199,0.4383472800254822,11562.154634612514,7.68844216543954,0.4834664463996887,0.565043568611145,8.972724522029486,0.5052146315574646,0.5767026543617249,0.4899686872959137,12.286469184481508,10.613623070199628,1.0,0.5,128,7,0.5,,,15,,,1.0,0.001,adam,,30,499c4126ba318eb885e3a38eafb0ea080c91590e,,src/train/experiment_multimodal_grid_search.py,,User,,balanceado_w15_20251121_121036,,LOCAL,,,,,,,,,,,,,,,,,,,,,,,,,,,,,,,,,,145540.0,balanceado_w15,[32],[32],"[128, 64]",loss_weights,
87eae3e63daa416291f8f20eb6bd7e74,848604639021911066,FINISHED,file:///E:/Codigos/Proyecto%20Final/mlruns/848604639021911066/87eae3e63daa416291f8f20eb6bd7e74/artifacts,2025-11-21 14:59:30.081000+00:00,2025-11-21 15:03:21.146000+00:00,0.48719918727874756,0.5043908357620239,5685.438492881274,,,,,0.3706909418106079,,0.0005000000237487257,1.5600922107696533,30.0,,0.49493902921676636,1.5600922107696533,,0.5088233351707458,1.2570616006851196,7489.628008868243,0.5090708136558533,0.4383352994918823,0.6074080467224121,1.2570616006851196,0.4797067940235138,7379.10736964161,0.5233873724937439,0.4490495026111603,10295.949606213533,7.648128664171374,0.454074501991272,0.49282851815223694,9.051679382913363,0.5138354897499084,0.5635209083557129,0.47798290848731995,12.964668066753687,11.414271378330348,1.0,0.5,128,7,0.5,,,360,,,1.0,0.001,adam,,30,499c4126ba318eb885e3a38eafb0ea080c91590e,,src/train/experiment_multimodal_grid_search.py,,User,,asymmetric_customer_w360_20251121_115930,,LOCAL,,,,,,,,,,,,,,,,,,,,,,,,,,,,,,,,,,171316.0,asymmetric_customer_w360,"[64, 32]",[16],"[128, 64]",arquitecturas,
b878a04d59c2442b8d91d370a93f78c2,848604639021911066,FINISHED,file:///E:/Codigos/Proyecto%20Final/mlruns/848604639021911066/b878a04d59c2442b8d91d370a93f78c2/artifacts,2025-11-21 14:56:11.484000+00:00,2025-11-21 14:59:30.056000+00:00,0.530876100063324,0.5035102367401123,6864.049491413082,,,,,0.6094294786453247,,0.0005000000237487257,1.7971820831298828,30.0,,0.5078129172325134,1.7971820831298828,,0.5529103875160217,1.6953411102294922,8151.057298309949,0.5061256289482117,0.5872650742530823,0.6722259521484375,1.6953411102294922,0.5208866596221924,8574.732621611307,0.5059311389923096,0.5295766592025757,11308.545631490948,8.49511430701431,0.623918890953064,0.4985642731189728,9.827952643525148,0.6323010325431824,0.5909691452980042,0.5089072585105896,13.66532355810791,11.844992186840138,1.0,0.5,128,7,0.5,,,240,,,1.0,0.001,adam,,30,499c4126ba318eb885e3a38eafb0ea080c91590e,,src/train/experiment_multimodal_grid_search.py,,User,,asymmetric_customer_w240_20251121_115611,,LOCAL,,,,,,,,,,,,,,,,,,,,,,,,,,,,,,,,,,171316.0,asymmetric_customer_w240,"[64, 32]",[16],"[128, 64]",arquitecturas,
50440face41b4860963cf009081678a0,848604639021911066,FINISHED,file:///E:/Codigos/Proyecto%20Final/mlruns/848604639021911066/50440face41b4860963cf009081678a0/artifacts,2025-11-21 14:54:27.969000+00:00,2025-11-21 14:56:11.458000+00:00,0.48921388387680054,0.552753210067749,5416.291879610656,,,,,0.5366939902305603,,0.0010000000474974513,2.2305688858032227,30.0,,0.5595113635063171,2.2305688858032227,,0.48864108324050903,1.369360327720642,8560.745885630124,0.43365487456321716,0.5195859670639038,1.185938835144043,1.369360327720642,0.47068077325820923,6956.275272477107,0.42599934339523315,0.4029146134853363,13885.905309130598,8.213279791123972,0.484844833612442,0.5668174624443054,9.789466647967801,0.5424706935882568,0.6687074303627014,0.5387832522392273,13.337454395398286,11.427042832421165,1.0,0.5,128,7,0.5,,,120,,,1.0,0.001,adam,,30,499c4126ba318eb885e3a38eafb0ea080c91590e,,src/train/experiment_multimodal_grid_search.py,,User,,asymmetric_customer_w120_20251121_115427,,LOCAL,,,,,,,,,,,,,,,,,,,,,,,,,,,,,,,,,,171316.0,asymmetric_customer_w120,"[64, 32]",[16],"[128, 64]",arquitecturas,
6e2f7a0bece441718ccac6a41b95e096,848604639021911066,FINISHED,file:///E:/Codigos/Proyecto%20Final/mlruns/848604639021911066/6e2f7a0bece441718ccac6a41b95e096/artifacts,2025-11-21 14:53:26.093000+00:00,2025-11-21 14:54:27.942000+00:00,0.484681099653244,0.4937170147895813,4506.867231243337,,,,,0.6871902346611023,,0.0010000000474974513,1.3943603038787842,30.0,,0.4568343162536621,1.3943603038787842,,0.4970434010028839,1.6014766693115234,7348.884561567164,0.40293997526168823,0.5873021483421326,0.6195080280303955,1.6014766693115234,0.4778478443622589,5866.817752907242,0.40927037596702576,0.4056454598903656,10491.100111489195,6.809156430047205,0.4889715909957886,0.5035696029663086,7.876772536906099,0.4609508812427521,0.5598667860031128,0.45599663257598877,10.803104135507107,9.425636362164738,1.0,0.5,128,7,0.5,,,60,,,1.0,0.001,adam,,30,499c4126ba318eb885e3a38eafb0ea080c91590e,,src/train/experiment_multimodal_grid_search.py,,User,,asymmetric_customer_w60_20251121_115326,,LOCAL,,,,,,,,,,,,,,,,,,,,,,,,,,,,,,,,,,171316.0,asymmetric_customer_w60,"[64, 32]",[16],"[128, 64]",arquitecturas,
eeaeadc720574d17bed9499bea86d6b2,848604639021911066,FINISHED,file:///E:/Codigos/Proyecto%20Final/mlruns/848604639021911066/eeaeadc720574d17bed9499bea86d6b2/artifacts,2025-11-21 14:52:46.270000+00:00,2025-11-21 14:53:26.072000+00:00,0.490467369556427,0.44040876626968384,4686.675736989796,,,,,0.7065885663032532,,0.0010000000474974513,1.6596959829330444,30.0,,0.4718104898929596,1.6596959829330444,,0.48191341757774353,1.5188385248184204,7752.565987723215,0.41013774275779724,0.5581244826316833,0.5983083844184875,1.5188385248184204,0.48401913046836853,6392.368475950891,0.40583667159080505,0.3681336045265198,11129.712797683384,7.059372177902533,0.3834642171859741,0.414117693901062,8.13622923481221,0.48547351360321045,0.5951878428459167,0.4724849760532379,11.987488167112115,10.554831278184476,1.0,0.5,128,7,0.5,,,30,,,1.0,0.001,adam,,30,499c4126ba318eb885e3a38eafb0ea080c91590e,,src/train/experiment_multimodal_grid_search.py,,User,,asymmetric_customer_w30_20251121_115246,,LOCAL,,,,,,,,,,,,,,,,,,,,,,,,,,,,,,,,,,171316.0,asymmetric_customer_w30,"[64, 32]",[16],"[128, 64]",arquitecturas,
eb22c9bb483049e4b5e45442fad330a0,848604639021911066,FINISHED,file:///E:/Codigos/Proyecto%20Final/mlruns/848604639021911066/eb22c9bb483049e4b5e45442fad330a0/artifacts,2025-11-21 14:52:19.023000+00:00,2025-11-21 14:52:46.246000+00:00,0.5113831758499146,0.5619502663612366,4741.3152972964535,,,,,0.693964958190918,,0.0010000000474974513,1.6291991472244263,30.0,,0.4868907332420349,1.6291991472244263,,0.4961022138595581,1.682027816772461,7763.150185751748,0.4717555642127991,0.5892268419265747,0.6569421291351318,1.682027816772461,0.49734511971473694,6323.033203287772,0.47224459052085876,0.42265844345092773,11628.09778833601,7.522279043893118,0.48000597953796387,0.5398973822593689,8.779096429998225,0.503288745880127,0.5778626203536987,0.48348987102508545,12.101267949455613,10.52879965184987,1.0,0.5,128,7,0.5,,,15,,,1.0,0.001,adam,,30,499c4126ba318eb885e3a38eafb0ea080c91590e,,src/train/experiment_multimodal_grid_search.py,,User,,asymmetric_customer_w15_20251121_115219,,LOCAL,,,,,,,,,,,,,,,,,,,,,,,,,,,,,,,,,,171316.0,asymmetric_customer_w15,"[64, 32]",[16],"[128, 64]",arquitecturas,
a3512b3e9fea4a5f90e50c259c848da7,848604639021911066,FINISHED,file:///E:/Codigos/Proyecto%20Final/mlruns/848604639021911066/a3512b3e9fea4a5f90e50c259c848da7/artifacts,2025-11-21 14:45:19.784000+00:00,2025-11-21 14:52:18.996000+00:00,0.5118392109870911,0.5147382616996765,6363.5544784930025,,,,,0.3847099840641022,,0.0002500000118743628,1.7801135778427124,30.0,,0.5080029964447021,1.7801135778427124,,0.5328482389450073,1.3077516555786133,8109.425675675676,0.5102235674858093,0.4539039731025696,0.7019335627555847,1.3077516555786133,0.4977571666240692,8312.749911759765,0.5200004577636719,0.5032880902290344,11263.628410896725,8.009375502243925,0.5705830454826355,0.5004556775093079,9.445515150269026,0.5795826315879822,0.6003612279891968,0.49403324723243713,13.15113780104997,11.607642767118417,1.0,0.5,128,7,0.5,,,360,,,1.0,0.001,adam,,30,499c4126ba318eb885e3a38eafb0ea080c91590e,,src/train/experiment_multimodal_grid_search.py,,User,,very_deep_w360_20251121_114519,,LOCAL,,,,,,,,,,,,,,,,,,,,,,,,,,,,,,,,,,606980.0,very_deep_w360,"[64, 32]","[64, 32]","[256, 128, 64, 32]",arquitecturas,
9ed5cd0a73da4693b19d3a9c260e7148,848604639021911066,FINISHED,file:///E:/Codigos/Proyecto%20Final/mlruns/848604639021911066/9ed5cd0a73da4693b19d3a9c260e7148/artifacts,2025-11-21 14:42:25.184000+00:00,2025-11-21 14:45:19.759000+00:00,0.5645118951797485,0.5433220863342285,6748.306774439687,,,,,0.7080661058425903,,0.0005000000237487257,2.025880813598633,17.0,,0.570661723613739,2.025880813598633,,0.6083970069885254,1.907517671585083,8845.067761479591,0.5067038536071777,0.6163780093193054,0.7708264589309692,1.907517671585083,0.5461812019348145,8670.452387264333,0.5020601749420166,0.5574999451637268,12362.576923219844,9.247640648666692,0.7098347544670105,0.5471172332763672,11.01347710856891,0.6608815789222717,0.6226556897163391,0.5519160628318787,14.659174458831544,12.655665841475061,1.0,0.5,128,7,0.5,,,240,,,1.0,0.001,adam,,30,499c4126ba318eb885e3a38eafb0ea080c91590e,,src/train/experiment_multimodal_grid_search.py,,User,,very_deep_w240_20251121_114225,,LOCAL,,,,,,,,,,,,,,,,,,,,,,,,,,,,,,,,,,606980.0,very_deep_w240,"[64, 32]","[64, 32]","[256, 128, 64, 32]",arquitecturas,
1fecdbaa1c0144538a8dbbf0cdb7a22d,848604639021911066,FINISHED,file:///E:/Codigos/Proyecto%20Final/mlruns/848604639021911066/1fecdbaa1c0144538a8dbbf0cdb7a22d/artifacts,2025-11-21 14:39:09.077000+00:00,2025-11-21 14:42:25.155000+00:00,0.4879204034805298,0.5261698365211487,5821.078959254244,,,,,0.5484523773193359,,0.0010000000474974513,2.240360736846924,30.0,,0.5152573585510254,2.240360736846924,,0.5000126361846924,1.3851615190505981,8228.038053919057,0.43161314725875854,0.5343173742294312,1.2133901119232178,1.3851615190505981,0.4724619388580322,7259.664387155662,0.4297466278076172,0.40765661001205444,13809.753174425716,7.744688753221855,0.4998262822628021,0.5281190276145935,9.147183648317146,0.5670108199119568,0.6991071105003357,0.5066119432449341,12.946361602189794,11.178212367156158,1.0,0.5,128,7,0.5,,,120,,,1.0,0.001,adam,,30,499c4126ba318eb885e3a38eafb0ea080c91590e,,src/train/experiment_multimodal_grid_search.py,,User,,very_deep_w120_20251121_113909,,LOCAL,,,,,,,,,,,,,,,,,,,,,,,,,,,,,,,,,,606980.0,very_deep_w120,"[64, 32]","[64, 32]","[256, 128, 64, 32]",arquitecturas,
354c356aa6024109a44ee331eb327eb9,848604639021911066,FINISHED,file:///E:/Codigos/Proyecto%20Final/mlruns/848604639021911066/354c356aa6024109a44ee331eb327eb9/artifacts,2025-11-21 14:37:23.432000+00:00,2025-11-21 14:39:09.030000+00:00,0.4980596899986267,0.5002332925796509,4894.391050506395,,,,,0.8416064977645874,,0.0010000000474974513,1.4441097974777222,30.0,,0.4747945964336395,1.4441097974777222,,0.5272667407989502,1.667623519897461,7259.939817513992,0.46130141615867615,0.5917921662330627,0.6276485919952393,1.667623519897461,0.476443886756897,6156.179133730205,0.4324916899204254,0.4844733774662018,10468.14287495169,7.0554204586980696,0.4991505742073059,0.5124958157539368,8.102126635976438,0.4835430085659027,0.5662006139755249,0.4675624370574951,10.942247261044093,9.590700299473687,1.0,0.5,128,7,0.5,,,60,,,1.0,0.001,adam,,30,499c4126ba318eb885e3a38eafb0ea080c91590e,,src/train/experiment_multimodal_grid_search.py,,User,,very_deep_w60_20251121_113723,,LOCAL,,,,,,,,,,,,,,,,,,,,,,,,,,,,,,,,,,606980.0,very_deep_w60,"[64, 32]","[64, 32]","[256, 128, 64, 32]",arquitecturas,
fa27fe08bb734948a98bd2d0a5888086,848604639021911066,FINISHED,file:///E:/Codigos/Proyecto%20Final/mlruns/848604639021911066/fa27fe08bb734948a98bd2d0a5888086/artifacts,2025-11-21 14:36:12.546000+00:00,2025-11-21 14:37:23.404000+00:00,0.4992455244064331,0.4445018768310547,4747.368780213647,,,,,0.7730783224105835,,0.0005000000237487257,1.7012234926223755,30.0,,0.4926040768623352,1.7012234926223755,,0.48965519666671753,1.51699960231781,7813.856487165179,0.44811326265335083,0.5541253089904785,0.5784912109375,1.51699960231781,0.4815893769264221,6459.634542808949,0.4343162178993225,0.4095548987388611,11025.792808274922,7.214297936887157,0.4052198529243469,0.4235513508319855,8.558198738098145,0.5310275554656982,0.5923892259597778,0.4810948371887207,12.178213417696895,10.61518870324045,1.0,0.5,128,7,0.5,,,30,,,1.0,0.001,adam,,30,499c4126ba318eb885e3a38eafb0ea080c91590e,,src/train/experiment_multimodal_grid_search.py,,User,,very_deep_w30_20251121_113612,,LOCAL,,,,,,,,,,,,,,,,,,,,,,,,,,,,,,,,,,606980.0,very_deep_w30,"[64, 32]","[64, 32]","[256, 128, 64, 32]",arquitecturas,
45772afb45db464ba00a31001a42d9d3,848604639021911066,FINISHED,file:///E:/Codigos/Proyecto%20Final/mlruns/848604639021911066/45772afb45db464ba00a31001a42d9d3/artifacts,2025-11-21 14:35:29.646000+00:00,2025-11-21 14:36:12.518000+00:00,0.523042619228363,0.5835847854614258,4978.07458808379,,,,,0.7362213730812073,,0.0010000000474974513,1.684626817703247,30.0,,0.491112619638443,1.684626817703247,,0.4973898231983185,1.7416906356811523,8112.444561298077,0.49235230684280396,0.6055932641029358,0.7009857892990112,1.7416906356811523,0.5125783085823059,6481.323463566299,0.4963187277317047,0.44681674242019653,11978.411554600216,7.633540920444302,0.49338042736053467,0.5567331910133362,8.874646768941508,0.49995043873786926,0.6062389612197876,0.48584991693496704,12.200050576606989,10.696566106230783,1.0,0.5,128,7,0.5,,,15,,,1.0,0.001,adam,,30,499c4126ba318eb885e3a38eafb0ea080c91590e,,src/train/experiment_multimodal_grid_search.py,,User,,very_deep_w15_20251121_113529,,LOCAL,,,,,,,,,,,,,,,,,,,,,,,,,,,,,,,,,,606980.0,very_deep_w15,"[64, 32]","[64, 32]","[256, 128, 64, 32]",arquitecturas,
2746fb5ebc7340a187998efa1fec0fa5,848604639021911066,FINISHED,file:///E:/Codigos/Proyecto%20Final/mlruns/848604639021911066/2746fb5ebc7340a187998efa1fec0fa5/artifacts,2025-11-21 14:28:19.820000+00:00,2025-11-21 14:35:29.608000+00:00,0.4875542223453522,0.5017624497413635,5731.4147546452705,,,,,0.35380420088768005,,0.0010000000474974513,1.75702702999115,30.0,,0.4943244457244873,1.75702702999115,,0.5171329975128174,1.2728347778320312,7123.185810810811,0.44402024149894714,0.4517701268196106,0.7641490697860718,1.2728347778320312,0.4925280213356018,7499.890946225743,0.4576438367366791,0.43582406640052795,9366.224193180537,7.6975188236899355,0.496025949716568,0.4919419288635254,9.174028050485266,0.5476986169815063,0.5766576528549194,0.47908514738082886,13.016139354262343,11.406649392233655,1.0,0.5,128,7,0.5,,,360,,,1.0,0.001,adam,,30,499c4126ba318eb885e3a38eafb0ea080c91590e,,src/train/experiment_multimodal_grid_search.py,,User,,deep_large_w360_20251121_112819,,LOCAL,,,,,,,,,,,,,,,,,,,,,,,,,,,,,,,,,,610948.0,deep_large_w360,"[64, 32]","[64, 32]","[256, 128, 64]",arquitecturas,
eb999a99f1f545989af68034453bf0f7,848604639021911066,FINISHED,file:///E:/Codigos/Proyecto%20Final/mlruns/848604639021911066/eb999a99f1f545989af68034453bf0f7/artifacts,2025-11-21 14:25:13.638000+00:00,2025-11-21 14:28:19.798000+00:00,0.5358601808547974,0.5553485155105591,6952.373664472485,,,,,0.7897152900695801,,0.0005000000237487257,2.006779432296753,17.0,,0.5656407475471497,2.006779432296753,,0.5875513553619385,1.8039852380752563,8717.044304049745,0.4578700065612793,0.6121057868003845,0.7662765383720398,1.8039852380752563,0.525555431842804,8878.72015821972,0.4314403235912323,0.8482300043106079,11973.188272016287,9.420492806170495,0.689546525478363,0.5465639233589172,11.055710111345562,0.663249671459198,0.6586995720863342,0.5668599605560303,14.440033814774019,12.501177818441077,1.0,0.5,128,7,0.5,,,240,,,1.0,0.001,adam,,30,499c4126ba318eb885e3a38eafb0ea080c91590e,,src/train/experiment_multimodal_grid_search.py,,User,,deep_large_w240_20251121_112513,,LOCAL,,,,,,,,,,,,,,,,,,,,,,,,,,,,,,,,,,610948.0,deep_large_w240,"[64, 32]","[64, 32]","[256, 128, 64]",arquitecturas,
577e5aa0e5b04c79a6fcb82b20de66b7,848604639021911066,FINISHED,file:///E:/Codigos/Proyecto%20Final/mlruns/848604639021911066/577e5aa0e5b04c79a6fcb82b20de66b7/artifacts,2025-11-21 14:22:01.865000+00:00,2025-11-21 14:25:13.616000+00:00,0.4802355468273163,0.5639379620552063,5536.671803114022,,,,,0.5183327794075012,,0.0010000000474974513,2.2061400413513184,30.0,,0.5528468489646912,2.2061400413513184,,0.4965569078922272,1.3453861474990845,8425.025358606557,0.4192013740539551,0.5002251267433167,1.1781331300735474,1.3453861474990845,0.4707489609718323,7066.910532388169,0.42055803537368774,0.4053824543952942,13793.236259398658,8.0209261248765,0.4682903289794922,0.5554955005645752,9.412504044293797,0.5338845252990723,0.6640920639038086,0.5577056407928467,13.074712857866864,11.320748309901713,1.0,0.5,128,7,0.5,,,120,,,1.0,0.001,adam,,30,499c4126ba318eb885e3a38eafb0ea080c91590e,,src/train/experiment_multimodal_grid_search.py,,User,,deep_large_w120_20251121_112201,,LOCAL,,,,,,,,,,,,,,,,,,,,,,,,,,,,,,,,,,610948.0,deep_large_w120,"[64, 32]","[64, 32]","[256, 128, 64]",arquitecturas,
39eb511bb2e14ef9a94240b83da4f82c,848604639021911066,FINISHED,file:///E:/Codigos/Proyecto%20Final/mlruns/848604639021911066/39eb511bb2e14ef9a94240b83da4f82c/artifacts,2025-11-21 14:20:25.446000+00:00,2025-11-21 14:22:01.841000+00:00,0.4918196201324463,0.5048929452896118,5303.291555103943,,,,,0.5641790628433228,,0.0010000000474974513,1.5210763216018677,30.0,,0.4768524467945099,1.5210763216018677,,0.5178526639938354,1.483546495437622,8073.304585471082,0.4141837954521179,0.5910801887512207,0.6259721517562866,1.483546495437622,0.47807401418685913,6605.246312677136,0.41548824310302734,0.4145999550819397,10592.021936093712,7.216546617845483,0.5393995046615601,0.5112653374671936,8.221927138533927,0.5424071550369263,0.6150558590888977,0.4832788109779358,11.003540019597951,9.6748868185588,1.0,0.5,128,7,0.5,,,60,,,1.0,0.001,adam,,30,499c4126ba318eb885e3a38eafb0ea080c91590e,,src/train/experiment_multimodal_grid_search.py,,User,,deep_large_w60_20251121_112025,,LOCAL,,,,,,,,,,,,,,,,,,,,,,,,,,,,,,,,,,610948.0,deep_large_w60,"[64, 32]","[64, 32]","[256, 128, 64]",arquitecturas,
fcf6f9ef4da241b0947ae9e2c2ee548d,848604639021911066,FINISHED,file:///E:/Codigos/Proyecto%20Final/mlruns/848604639021911066/fcf6f9ef4da241b0947ae9e2c2ee548d/artifacts,2025-11-21 14:19:30.836000+00:00,2025-11-21 14:20:25.418000+00:00,0.4866248369216919,0.4276629686355591,4804.058298118622,,,,,0.656012773513794,,0.0005000000237487257,1.6341183185577393,30.0,,0.46337443590164185,1.6341183185577393,,0.47899913787841797,1.4873788356781006,7728.197516741071,0.4376235604286194,0.5457318425178528,0.5698596239089966,1.4873788356781006,0.47788313031196594,6429.878559507816,0.43759384751319885,0.4066309928894043,10937.003283599064,6.933542936675402,0.3904779553413391,0.4021756649017334,7.990752181228325,0.4976326525211334,0.5933169722557068,0.46406319737434387,11.914582757882727,10.496635863520693,1.0,0.5,128,7,0.5,,,30,,,1.0,0.001,adam,,30,499c4126ba318eb885e3a38eafb0ea080c91590e,,src/train/experiment_multimodal_grid_search.py,,User,,deep_large_w30_20251121_111930,,LOCAL,,,,,,,,,,,,,,,,,,,,,,,,,,,,,,,,,,610948.0,deep_large_w30,"[64, 32]","[64, 32]","[256, 128, 64]",arquitecturas,
54ae096cfa1e4b0a81c00d1c3a493e3d,848604639021911066,FINISHED,file:///E:/Codigos/Proyecto%20Final/mlruns/848604639021911066/54ae096cfa1e4b0a81c00d1c3a493e3d/artifacts,2025-11-21 14:18:51.392000+00:00,2025-11-21 14:19:30.806000+00:00,0.5039372444152832,0.551601767539978,4765.164299606644,,,,,0.6928887367248535,,0.0010000000474974513,1.6387062072753906,30.0,,0.49446970224380493,1.6387062072753906,,0.49559929966926575,1.616994023323059,8050.048363745629,0.5455484986305237,0.5826789140701294,0.7203640937805176,1.616994023323059,0.49155792593955994,6315.3648406539205,0.5429580807685852,0.4742344915866852,11492.936542933163,7.470452734521337,0.4823242425918579,0.5376232862472534,8.668926021793148,0.4993506371974945,0.5999695062637329,0.4848375618457794,12.092853718999098,10.53731804148682,1.0,0.5,128,7,0.5,,,15,,,1.0,0.001,adam,,30,499c4126ba318eb885e3a38eafb0ea080c91590e,,src/train/experiment_multimodal_grid_search.py,,User,,deep_large_w15_20251121_111851,,LOCAL,,,,,,,,,,,,,,,,,,,,,,,,,,,,,,,,,,610948.0,deep_large_w15,"[64, 32]","[64, 32]","[256, 128, 64]",arquitecturas,
a97b467fd14e4b5aacf89e357cf7bf06,848604639021911066,FINISHED,file:///E:/Codigos/Proyecto%20Final/mlruns/848604639021911066/a97b467fd14e4b5aacf89e357cf7bf06/artifacts,2025-11-21 14:16:20.001000+00:00,2025-11-21 14:18:51.363000+00:00,0.5166783928871155,0.5222223997116089,5727.305758657094,,,,,0.3658670485019684,,0.0005000000237487257,1.6434886455535889,30.0,,0.5075122117996216,1.6434886455535889,,0.4982355237007141,1.253092885017395,7673.071975295608,0.4685613214969635,0.4439678490161896,0.6656767725944519,1.253092885017395,0.4989570081233978,7485.98058743155,0.47852084040641785,0.40705832839012146,11039.607088624285,8.08494913255846,0.4671192765235901,0.4991629421710968,9.422333271807226,0.5228963494300842,0.5670839548110962,0.5007198452949524,13.116957055139622,11.668370043071375,1.0,0.5,128,7,0.5,,,360,,,1.0,0.001,adam,,30,499c4126ba318eb885e3a38eafb0ea080c91590e,,src/train/experiment_multimodal_grid_search.py,,User,,deep_small_w360_20251121_111619,,LOCAL,,,,,,,,,,,,,,,,,,,,,,,,,,,,,,,,,,149764.0,deep_small_w360,[32],[32],"[128, 64, 32]",arquitecturas,
877b364507f24626b70bd28b492428cb,848604639021911066,FINISHED,file:///E:/Codigos/Proyecto%20Final/mlruns/848604639021911066/877b364507f24626b70bd28b492428cb/artifacts,2025-11-21 14:14:20.804000+00:00,2025-11-21 14:16:19.976000+00:00,0.5578984618186951,0.5070430636405945,6293.933683605138,,,,,0.510377049446106,,0.0010000000474974513,1.5771218538284302,30.0,,0.5304754972457886,1.5771218538284302,,0.5486387610435486,1.560027003288269,7284.433254942602,0.4977268576622009,0.5712913870811462,0.5153416395187378,1.560027003288269,0.5538177490234375,8086.272126352999,0.5296244621276855,0.48348814249038696,9901.402556781679,8.556352459654518,0.5548603534698486,0.5067965984344482,10.266553606305802,0.5797832012176514,0.5281370282173157,0.5125757455825806,13.77768370746326,11.88647350701308,1.0,0.5,128,7,0.5,,,240,,,1.0,0.001,adam,,30,499c4126ba318eb885e3a38eafb0ea080c91590e,,src/train/experiment_multimodal_grid_search.py,,User,,deep_small_w240_20251121_111420,,LOCAL,,,,,,,,,,,,,,,,,,,,,,,,,,,,,,,,,,149764.0,deep_small_w240,[32],[32],"[128, 64, 32]",arquitecturas,
0baa496e11eb480c9ac287e1615cc910,848604639021911066,FINISHED,file:///E:/Codigos/Proyecto%20Final/mlruns/848604639021911066/0baa496e11eb480c9ac287e1615cc910/artifacts,2025-11-21 14:13:07.109000+00:00,2025-11-21 14:14:20.780000+00:00,0.47464755177497864,0.5373542904853821,5644.540779877781,,,,,0.5512822866439819,,0.0010000000474974513,2.208136558532715,30.0,,0.5190861821174622,2.208136558532715,,0.505388081073761,1.3813573122024536,8439.770363729509,0.41399380564689636,0.5321715474128723,1.175817847251892,1.3813573122024536,0.4670698344707489,7120.149866270676,0.41745615005493164,0.41210854053497314,13841.195717230561,8.000375229525064,0.4977395832538605,0.5318039655685425,9.248793117335586,0.559294581413269,0.6611912250518799,0.5190329551696777,12.993357173955197,11.299149729037344,1.0,0.5,128,7,0.5,,,120,,,1.0,0.001,adam,,30,499c4126ba318eb885e3a38eafb0ea080c91590e,,src/train/experiment_multimodal_grid_search.py,,User,,deep_small_w120_20251121_111307,,LOCAL,,,,,,,,,,,,,,,,,,,,,,,,,,,,,,,,,,149764.0,deep_small_w120,[32],[32],"[128, 64, 32]",arquitecturas,
a06c3a65e1794f2aa5f43341b4b1dd99,848604639021911066,FINISHED,file:///E:/Codigos/Proyecto%20Final/mlruns/848604639021911066/a06c3a65e1794f2aa5f43341b4b1dd99/artifacts,2025-11-21 14:12:22.019000+00:00,2025-11-21 14:13:07.085000+00:00,0.5044518709182739,0.5116584300994873,4998.685111124067,,,,,0.5358695983886719,,0.0010000000474974513,1.481979250907898,30.0,,0.49421411752700806,1.481979250907898,,0.5249401926994324,1.4795464277267456,7697.944073577425,0.4602850079536438,0.5745976567268372,0.6185460686683655,1.4795464277267456,0.4974747598171234,6376.463159930691,0.46472668647766113,0.4606293737888336,10196.392048458072,7.418564342994935,0.51905757188797,0.5191062092781067,8.539997072362189,0.5089905261993408,0.59217369556427,0.495014488697052,11.44799150046709,10.010318921623215,1.0,0.5,128,7,0.5,,,60,,,1.0,0.001,adam,,30,499c4126ba318eb885e3a38eafb0ea080c91590e,,src/train/experiment_multimodal_grid_search.py,,User,,deep_small_w60_20251121_111221,,LOCAL,,,,,,,,,,,,,,,,,,,,,,,,,,,,,,,,,,149764.0,deep_small_w60,[32],[32],"[128, 64, 32]",arquitecturas,
7ed6a689e2ea4078913ac3f7b5918697,848604639021911066,FINISHED,file:///E:/Codigos/Proyecto%20Final/mlruns/848604639021911066/7ed6a689e2ea4078913ac3f7b5918697/artifacts,2025-11-21 14:11:50.033000+00:00,2025-11-21 14:12:21.988000+00:00,0.49245336651802063,0.44533616304397583,4776.966756696428,,,,,0.6454141139984131,,0.0010000000474974513,1.669028639793396,30.0,,0.4881068766117096,1.669028639793396,,0.4852415919303894,1.5102447271347046,7618.430719866072,0.42502814531326294,0.5569560527801514,0.5902361273765564,1.5102447271347046,0.4744691550731659,6430.45917860486,0.4185968041419983,0.39823639392852783,10959.685147859738,7.428504733650051,0.3920658826828003,0.4241211414337158,8.520247105189732,0.5061387419700623,0.5846485495567322,0.4906529486179352,12.130113453874397,10.724391079926953,1.0,0.5,128,7,0.5,,,30,,,1.0,0.001,adam,,30,499c4126ba318eb885e3a38eafb0ea080c91590e,,src/train/experiment_multimodal_grid_search.py,,User,,deep_small_w30_20251121_111150,,LOCAL,,,,,,,,,,,,,,,,,,,,,,,,,,,,,,,,,,149764.0,deep_small_w30,[32],[32],"[128, 64, 32]",arquitecturas,
41a83a921ba4405b92153f52eb0648a8,848604639021911066,FINISHED,file:///E:/Codigos/Proyecto%20Final/mlruns/848604639021911066/41a83a921ba4405b92153f52eb0648a8/artifacts,2025-11-21 14:11:26.999000+00:00,2025-11-21 14:11:50.002000+00:00,0.5032756924629211,0.6042975187301636,4987.721526988637,,,,,0.760518491268158,,0.0010000000474974513,1.6834800243377686,30.0,,0.5089431405067444,1.6834800243377686,,0.492557555437088,1.6727731227874756,7832.995847902098,0.5524591207504272,0.5865796804428101,0.6843317747116089,1.6727731227874756,0.49505144357681274,6464.807228704083,0.5636483430862427,0.48183315992355347,11718.214211355242,7.722029690737728,0.49391067028045654,0.5814119577407837,8.892268943977166,0.5141436457633972,0.5871411561965942,0.503798246383667,12.226469992991614,10.715201004843385,1.0,0.5,128,7,0.5,,,15,,,1.0,0.001,adam,,30,499c4126ba318eb885e3a38eafb0ea080c91590e,,src/train/experiment_multimodal_grid_search.py,,User,,deep_small_w15_20251121_111126,,LOCAL,,,,,,,,,,,,,,,,,,,,,,,,,,,,,,,,,,149764.0,deep_small_w15,[32],[32],"[128, 64, 32]",arquitecturas,
da676d88ad284c39bb81eef63b135fcf,848604639021911066,FINISHED,file:///E:/Codigos/Proyecto%20Final/mlruns/848604639021911066/da676d88ad284c39bb81eef63b135fcf/artifacts,2025-11-21 14:07:57.267000+00:00,2025-11-21 14:11:26.974000+00:00,0.5000187754631042,0.5105118751525879,5743.434085304054,,,,,0.2799309194087982,,0.0002500000118743628,1.511780023574829,30.0,,0.49947696924209595,1.511780023574829,,0.5043104290962219,1.2080579996109009,7030.758762668919,0.4212534725666046,0.41765904426574707,0.5350931882858276,1.2080579996109009,0.4932878315448761,7523.47674131294,0.43879643082618713,0.40470778942108154,9897.75346460657,7.810392475496388,0.4718104302883148,0.4992408752441406,9.273152089947441,0.5243688225746155,0.5196133255958557,0.4837159812450409,13.117980175814552,11.536799775135231,1.0,0.5,128,7,0.5,,,360,,,1.0,0.001,adam,,30,499c4126ba318eb885e3a38eafb0ea080c91590e,,src/train/experiment_multimodal_grid_search.py,,User,,medium_large_shared_w360_20251121_110757,,LOCAL,,,,,,,,,,,,,,,,,,,,,,,,,,,,,,,,,,511876.0,medium_large_shared_w360,[32],[32],"[256, 128]",arquitecturas,
d1050bbbc72c4a7fae12b88ba7c41948,848604639021911066,FINISHED,file:///E:/Codigos/Proyecto%20Final/mlruns/848604639021911066/d1050bbbc72c4a7fae12b88ba7c41948/artifacts,2025-11-21 14:05:21.614000+00:00,2025-11-21 14:07:57.227000+00:00,0.5323752164840698,0.5232402682304382,6294.606929345845,,,,,0.6026557087898254,,0.0005000000237487257,1.6954995393753052,30.0,,0.5312680006027222,1.6954995393753052,,0.5389763116836548,1.682310938835144,7505.683952487245,0.43622180819511414,0.582896888256073,0.657484769821167,1.682310938835144,0.5221067070960999,8025.029733385384,0.4387064278125763,0.4347645938396454,10970.308127593493,8.06995028726561,0.5203039646148682,0.5121813416481018,9.583099698881366,0.5764650106430054,0.56168133020401,0.5320942401885986,13.475262270546416,11.638480524453541,1.0,0.5,128,7,0.5,,,240,,,1.0,0.001,adam,,30,499c4126ba318eb885e3a38eafb0ea080c91590e,,src/train/experiment_multimodal_grid_search.py,,User,,medium_large_shared_w240_20251121_110521,,LOCAL,,,,,,,,,,,,,,,,,,,,,,,,,,,,,,,,,,511876.0,medium_large_shared_w240,[32],[32],"[256, 128]",arquitecturas,
549c14d2e4444bb09a1a945650848c13,848604639021911066,FINISHED,file:///E:/Codigos/Proyecto%20Final/mlruns/848604639021911066/549c14d2e4444bb09a1a945650848c13/artifacts,2025-11-21 14:03:44.678000+00:00,2025-11-21 14:05:21.587000+00:00,0.47388648986816406,0.5322843790054321,5179.394987156031,,,,,0.5251566171646118,,0.0005000000237487257,2.1814465522766113,30.0,,0.5115523338317871,2.1814465522766113,,0.48383739590644836,1.331956148147583,8656.62464779713,0.42026469111442566,0.5115354061126709,1.1877776384353638,1.331956148147583,0.46691659092903137,6813.126207805947,0.4250675439834595,0.3939582407474518,13898.624331431802,7.774136679513113,0.4623153507709503,0.530422568321228,9.110815825451173,0.5228264927864075,0.6676061153411865,0.5100769400596619,12.954533172526975,11.217227029330136,1.0,0.5,128,7,0.5,,,120,,,1.0,0.001,adam,,30,499c4126ba318eb885e3a38eafb0ea080c91590e,,src/train/experiment_multimodal_grid_search.py,,User,,medium_large_shared_w120_20251121_110344,,LOCAL,,,,,,,,,,,,,,,,,,,,,,,,,,,,,,,,,,511876.0,medium_large_shared_w120,[32],[32],"[256, 128]",arquitecturas,
01b4b509bda8489181ef5b8330384bca,848604639021911066,FINISHED,file:///E:/Codigos/Proyecto%20Final/mlruns/848604639021911066/01b4b509bda8489181ef5b8330384bca/artifacts,2025-11-21 14:02:49.651000+00:00,2025-11-21 14:03:44.656000+00:00,0.4872133135795593,0.491712749004364,4512.7960454590875,,,,,0.4326035976409912,,0.0002500000118743628,1.2229195833206177,30.0,,0.45961421728134155,1.2229195833206177,,0.48929348587989807,1.2831237316131592,6478.7535710121265,0.45740261673927307,0.5211280584335327,0.5325186252593994,1.2831237316131592,0.48359623551368713,5849.794220757392,0.46354180574417114,0.4072725772857666,8385.088222288083,6.989672654727375,0.4868795573711395,0.5042597651481628,8.268009669745146,0.45677098631858826,0.498241126537323,0.45030051469802856,11.024526935794995,9.526064997086733,1.0,0.5,128,7,0.5,,,60,,,1.0,0.001,adam,,30,499c4126ba318eb885e3a38eafb0ea080c91590e,,src/train/experiment_multimodal_grid_search.py,,User,,medium_large_shared_w60_20251121_110249,,LOCAL,,,,,,,,,,,,,,,,,,,,,,,,,,,,,,,,,,511876.0,medium_large_shared_w60,[32],[32],"[256, 128]",arquitecturas,
f9d32a619e5d444ca98e2698ab67595f,848604639021911066,FINISHED,file:///E:/Codigos/Proyecto%20Final/mlruns/848604639021911066/f9d32a619e5d444ca98e2698ab67595f/artifacts,2025-11-21 14:02:17.023000+00:00,2025-11-21 14:02:49.627000+00:00,0.49833929538726807,0.4285458028316498,4796.619385746173,,,,,0.8116493225097656,,0.0005000000237487257,1.6561100482940674,30.0,,0.4819068908691406,1.6561100482940674,,0.4793519079685211,1.5192617177963257,7711.773172433036,0.4383755624294281,0.5661511421203613,0.5678532123565674,1.5192617177963257,0.4846382737159729,6417.294625422471,0.432114839553833,0.3801964223384857,11076.263862793634,7.087666414221939,0.3847530782222748,0.4154243469238281,8.310338615884586,0.4968620836734772,0.5920560359954834,0.47437870502471924,12.028517885467496,10.519386065065216,1.0,0.5,128,7,0.5,,,30,,,1.0,0.001,adam,,30,499c4126ba318eb885e3a38eafb0ea080c91590e,,src/train/experiment_multimodal_grid_search.py,,User,,medium_large_shared_w30_20251121_110217,,LOCAL,,,,,,,,,,,,,,,,,,,,,,,,,,,,,,,,,,511876.0,medium_large_shared_w30,[32],[32],"[256, 128]",arquitecturas,
8ed40af236bb429286f146a5b6403f10,848604639021911066,FINISHED,file:///E:/Codigos/Proyecto%20Final/mlruns/848604639021911066/8ed40af236bb429286f146a5b6403f10/artifacts,2025-11-21 14:01:53.943000+00:00,2025-11-21 14:02:16.999000+00:00,0.4926871359348297,0.5363844633102417,4739.18384527972,,,,,0.5526416897773743,,0.0010000000474974513,1.4816837310791016,30.0,,0.463721364736557,1.4816837310791016,,0.48448261618614197,1.4884165525436401,7560.542326813811,0.4750174880027771,0.5584535002708435,0.5799108147621155,1.4884165525436401,0.48247230052948,6296.457969516579,0.47350674867630005,0.4239200949668884,10759.974729465977,7.351769156746572,0.4654058516025543,0.5145835876464844,8.379673834923622,0.4759584963321686,0.5649955868721008,0.4679161012172699,11.865094272836192,10.414644166716856,1.0,0.5,128,7,0.5,,,15,,,1.0,0.001,adam,,30,499c4126ba318eb885e3a38eafb0ea080c91590e,,src/train/experiment_multimodal_grid_search.py,,User,,medium_large_shared_w15_20251121_110153,,LOCAL,,,,,,,,,,,,,,,,,,,,,,,,,,,,,,,,,,511876.0,medium_large_shared_w15,[32],[32],"[256, 128]",arquitecturas,
8149d3d3906846e7a194e1545f29dcd1,848604639021911066,FINISHED,file:///E:/Codigos/Proyecto%20Final/mlruns/848604639021911066/8149d3d3906846e7a194e1545f29dcd1/artifacts,2025-11-21 13:59:57.207000+00:00,2025-11-21 14:01:53.918000+00:00,0.47466781735420227,0.5063723921775818,5538.223000603282,,,,,0.3090008497238159,,0.0005000000237487257,1.4484026432037354,30.0,,0.49568796157836914,1.4484026432037354,,0.48568376898765564,1.1725974082946777,6794.361248944257,0.4440723657608032,0.41779887676239014,0.501667320728302,1.1725974082946777,0.46449026465415955,7296.59057724242,0.4555090665817261,0.4095628261566162,8814.270496121195,7.791831270608201,0.4462290108203888,0.494640052318573,9.190484175810942,0.5094440579414368,0.5113701820373535,0.4834970533847809,13.050767872024354,11.496147994404792,1.0,0.5,128,7,0.5,,,360,,,1.0,0.001,adam,,30,499c4126ba318eb885e3a38eafb0ea080c91590e,,src/train/experiment_multimodal_grid_search.py,,User,,medium_baseline_w360_20251121_105957,,LOCAL,,,,,,,,,,,,,,,,,,,,,,,,,,,,,,,,,,145540.0,medium_baseline_w360,[32],[32],"[128, 64]",arquitecturas,
c2b2624a8a88440eaa15673b2e61bbc4,848604639021911066,FINISHED,file:///E:/Codigos/Proyecto%20Final/mlruns/848604639021911066/c2b2624a8a88440eaa15673b2e61bbc4/artifacts,2025-11-21 13:58:29.025000+00:00,2025-11-21 13:59:57.180000+00:00,0.5348454117774963,0.5591668486595154,6702.60410538903,,,,,0.503164529800415,,0.0010000000474974513,1.6721307039260864,30.0,,0.545055091381073,1.6721307039260864,,0.5594238042831421,1.5711660385131836,7496.978914221939,0.43835052847862244,0.5663893222808838,0.5544655919075012,1.5711660385131836,0.5281176567077637,8390.085928246395,0.432636559009552,0.4589137136936188,10035.076374513481,8.26455909239655,0.567990243434906,0.5401829481124878,9.758360548547682,0.6156235933303833,0.5798115134239197,0.5648549795150757,13.528587080335482,11.74090206611686,1.0,0.5,128,7,0.5,,,240,,,1.0,0.001,adam,,30,499c4126ba318eb885e3a38eafb0ea080c91590e,,src/train/experiment_multimodal_grid_search.py,,User,,medium_baseline_w240_20251121_105829,,LOCAL,,,,,,,,,,,,,,,,,,,,,,,,,,,,,,,,,,145540.0,medium_baseline_w240,[32],[32],"[128, 64]",arquitecturas,
f6f94dd5e2a94f1f80289e8d205e844f,848604639021911066,FINISHED,file:///E:/Codigos/Proyecto%20Final/mlruns/848604639021911066/f6f94dd5e2a94f1f80289e8d205e844f/artifacts,2025-11-21 13:57:32.662000+00:00,2025-11-21 13:58:29.001000+00:00,0.48173603415489197,0.5275195240974426,5366.313019851435,,,,,0.5581592321395874,,0.0010000000474974513,2.1758363246917725,30.0,,0.5127358436584473,2.1758363246917725,,0.48928380012512207,1.3571224212646484,8489.660300332991,0.4312281608581543,0.5172167420387268,1.1836702823638916,1.3571224212646484,0.46351081132888794,6900.617323467674,0.42746734619140625,0.4054209887981415,13854.668325778315,7.6891261688160935,0.46423107385635376,0.528350293636322,9.242911564382513,0.530393660068512,0.6748692393302917,0.5007638335227966,12.990194206643395,11.19714834471274,1.0,0.5,128,7,0.5,,,120,,,1.0,0.001,adam,,30,499c4126ba318eb885e3a38eafb0ea080c91590e,,src/train/experiment_multimodal_grid_search.py,,User,,medium_baseline_w120_20251121_105732,,LOCAL,,,,,,,,,,,,,,,,,,,,,,,,,,,,,,,,,,145540.0,medium_baseline_w120,[32],[32],"[128, 64]",arquitecturas,
dac735396b534d5b8e92b3fd31fac682,848604639021911066,FINISHED,file:///E:/Codigos/Proyecto%20Final/mlruns/848604639021911066/dac735396b534d5b8e92b3fd31fac682/artifacts,2025-11-21 13:56:58.108000+00:00,2025-11-21 13:57:32.633000+00:00,0.4942120611667633,0.5082776546478271,4748.092664912046,,,,,0.6443666815757751,,0.0010000000474974513,1.3933333158493042,30.0,,0.4881681799888611,1.3933333158493042,,0.513313353061676,1.5945088863372803,7141.3940648320895,0.41357484459877014,0.5972809791564941,0.5485038757324219,1.5945088863372803,0.48161956667900085,6011.452887543999,0.40593022108078003,0.43208155035972595,10119.2343394379,7.4115850534012075,0.5132590532302856,0.5156885385513306,8.41703326666533,0.4856227934360504,0.5440592169761658,0.4963401257991791,11.117107009438064,9.749116822387467,1.0,0.5,128,7,0.5,,,60,,,1.0,0.001,adam,,30,499c4126ba318eb885e3a38eafb0ea080c91590e,,src/train/experiment_multimodal_grid_search.py,,User,,medium_baseline_w60_20251121_105658,,LOCAL,,,,,,,,,,,,,,,,,,,,,,,,,,,,,,,,,,145540.0,medium_baseline_w60,[32],[32],"[128, 64]",arquitecturas,
d63a8278688244a2b8d22f20247e152e,848604639021911066,FINISHED,file:///E:/Codigos/Proyecto%20Final/mlruns/848604639021911066/d63a8278688244a2b8d22f20247e152e/artifacts,2025-11-21 13:56:31.632000+00:00,2025-11-21 13:56:58.085000+00:00,0.4984351694583893,0.4582923650741577,4874.915752216199,,,,,0.45331937074661255,,0.0010000000474974513,1.6785707473754883,30.0,,0.49243178963661194,1.6785707473754883,,0.4866791367530823,1.2970446348190308,7687.718861607143,0.4085295796394348,0.5189836025238037,0.5980823636054993,1.2970446348190308,0.48585936427116394,6510.9521432048205,0.4015631079673767,0.3768880367279053,11028.225972569066,7.414081764221192,0.39326149225234985,0.43458953499794006,8.497559870505821,0.5039365291595459,0.5919691920280457,0.49358558654785156,12.091029490410031,10.656849832494041,1.0,0.5,128,7,0.5,,,30,,,1.0,0.001,adam,,30,499c4126ba318eb885e3a38eafb0ea080c91590e,,src/train/experiment_multimodal_grid_search.py,,User,,medium_baseline_w30_20251121_105631,,LOCAL,,,,,,,,,,,,,,,,,,,,,,,,,,,,,,,,,,145540.0,medium_baseline_w30,[32],[32],"[128, 64]",arquitecturas,
c250acda63124a41b5bebaa84e0b9de8,848604639021911066,FINISHED,file:///E:/Codigos/Proyecto%20Final/mlruns/848604639021911066/c250acda63124a41b5bebaa84e0b9de8/artifacts,2025-11-21 13:56:13.309000+00:00,2025-11-21 13:56:31.608000+00:00,0.5045686364173889,0.5507951378822327,4794.160758491508,,,,,0.6915246844291687,,0.0010000000474974513,1.6009856462478638,30.0,,0.49231085181236267,1.6009856462478638,,0.4858681559562683,1.6464964151382446,7605.652630572553,0.4804255962371826,0.5841336846351624,0.653309166431427,1.6464964151382446,0.4817640483379364,6311.503119811603,0.4750825762748718,0.42873215675354004,11582.704278202267,7.613330090319835,0.4642271399497986,0.5386630892753601,8.896299714689608,0.48147982358932495,0.5683666467666626,0.48456355929374695,12.126508259739154,10.535567951077747,1.0,0.5,128,7,0.5,,,15,,,1.0,0.001,adam,,30,499c4126ba318eb885e3a38eafb0ea080c91590e,,src/train/experiment_multimodal_grid_search.py,,User,,medium_baseline_w15_20251121_105613,,LOCAL,,,,,,,,,,,,,,,,,,,,,,,,,,,,,,,,,,145540.0,medium_baseline_w15,[32],[32],"[128, 64]",arquitecturas,
548d24e4fba340dba8edcb581968bff9,848604639021911066,FINISHED,file:///E:/Codigos/Proyecto%20Final/mlruns/848604639021911066/548d24e4fba340dba8edcb581968bff9/artifacts,2025-11-21 13:54:51.008000+00:00,2025-11-21 13:56:13.280000+00:00,0.48795247077941895,0.5107619762420654,5381.721851381515,,,,,0.7283810973167419,,0.0010000000474974513,1.286625623703003,30.0,,0.4967656135559082,1.286625623703003,,0.4857023060321808,1.6717168092727661,6099.582691089527,0.5180763006210327,0.5020250678062439,0.35056272149086,1.6717168092727661,0.4878588318824768,7203.102051803035,0.548179566860199,0.4558481276035309,8011.333307303344,7.877285254047645,0.4324834644794464,0.49639692902565,9.22281346265874,0.4913449287414551,0.4507940709590912,0.4878588020801544,13.080563755475701,11.539625891942729,1.0,0.5,128,7,0.5,,,360,,,1.0,0.001,adam,,30,499c4126ba318eb885e3a38eafb0ea080c91590e,,src/train/experiment_multimodal_grid_search.py,,User,,shallow_medium_w360_20251121_105450,,LOCAL,,,,,,,,,,,,,,,,,,,,,,,,,,,,,,,,,,112516.0,shallow_medium_w360,[32],[32],[128],arquitecturas,
475e89638b004846be66c872c2d56c9e,848604639021911066,FINISHED,file:///E:/Codigos/Proyecto%20Final/mlruns/848604639021911066/475e89638b004846be66c872c2d56c9e/artifacts,2025-11-21 13:53:45.140000+00:00,2025-11-21 13:54:50.982000+00:00,0.534040093421936,0.5034468770027161,5879.827621332909,,,,,0.5753405690193176,,0.0010000000474974513,1.6220676898956299,30.0,,0.4972662627696991,1.6220676898956299,,0.5559845566749573,1.6951748132705688,7819.999501753827,0.4142584800720215,0.5766620635986328,0.6391174793243408,1.6951748132705688,0.5293018221855164,7528.465732707828,0.4433267414569855,0.45161008834838867,10955.14695372198,8.459852696855284,0.48804593086242676,0.4863618016242981,9.713345013276479,0.5438891053199768,0.5615063309669495,0.5096501111984253,13.511331583584044,11.824920774438397,1.0,0.5,128,7,0.5,,,240,,,1.0,0.001,adam,,30,499c4126ba318eb885e3a38eafb0ea080c91590e,,src/train/experiment_multimodal_grid_search.py,,User,,shallow_medium_w240_20251121_105345,,LOCAL,,,,,,,,,,,,,,,,,,,,,,,,,,,,,,,,,,112516.0,shallow_medium_w240,[32],[32],[128],arquitecturas,
64eedc8e38554d62ba0aa9d80f534f7b,848604639021911066,FINISHED,file:///E:/Codigos/Proyecto%20Final/mlruns/848604639021911066/64eedc8e38554d62ba0aa9d80f534f7b/artifacts,2025-11-21 13:53:02.978000+00:00,2025-11-21 13:53:45.102000+00:00,0.49061375856399536,0.5436260104179382,5361.300234338408,,,,,0.5561205148696899,,0.0010000000474974513,2.190540313720703,30.0,,0.5476064085960388,2.190540313720703,,0.48206058144569397,1.3665608167648315,8428.372134349385,0.4306914806365967,0.5244960188865662,1.1737827062606812,1.3665608167648315,0.47712263464927673,6907.071216254618,0.4269326329231262,0.3926219344139099,13829.21297972695,8.171048908099635,0.4683944880962372,0.5531003475189209,9.756950342683098,0.5312294363975525,0.660298228263855,0.5301055908203125,13.250966891038242,11.364897143733298,1.0,0.5,128,7,0.5,,,120,,,1.0,0.001,adam,,30,499c4126ba318eb885e3a38eafb0ea080c91590e,,src/train/experiment_multimodal_grid_search.py,,User,,shallow_medium_w120_20251121_105302,,LOCAL,,,,,,,,,,,,,,,,,,,,,,,,,,,,,,,,,,112516.0,shallow_medium_w120,[32],[32],[128],arquitecturas,
f04fe24a0aaf4209846ca6418ee7e11c,848604639021911066,FINISHED,file:///E:/Codigos/Proyecto%20Final/mlruns/848604639021911066/f04fe24a0aaf4209846ca6418ee7e11c/artifacts,2025-11-21 13:52:34.427000+00:00,2025-11-21 13:53:02.954000+00:00,0.5050884485244751,0.49962639808654785,4798.794989339019,,,,,0.5968095064163208,,0.0010000000474974513,1.3424497842788696,30.0,,0.48089849948883057,1.3424497842788696,,0.5134069323539734,1.4214338064193726,7102.150376049441,0.45665502548217773,0.5502032041549683,0.5717176198959351,1.4214338064193726,0.49263566732406616,6161.330458420185,0.45933571457862854,0.44388943910598755,9587.719006777195,7.098883480405504,0.5111145973205566,0.5169290900230408,8.288821498976587,0.4753795862197876,0.5420048236846924,0.47403064370155334,11.036792230598602,9.579433312407032,1.0,0.5,128,7,0.5,,,60,,,1.0,0.001,adam,,30,499c4126ba318eb885e3a38eafb0ea080c91590e,,src/train/experiment_multimodal_grid_search.py,,User,,shallow_medium_w60_20251121_105234,,LOCAL,,,,,,,,,,,,,,,,,,,,,,,,,,,,,,,,,,112516.0,shallow_medium_w60,[32],[32],[128],arquitecturas,
cd2a34786357478d973c1b7b1eb5f5bb,848604639021911066,FINISHED,file:///E:/Codigos/Proyecto%20Final/mlruns/848604639021911066/cd2a34786357478d973c1b7b1eb5f5bb/artifacts,2025-11-21 13:52:14.725000+00:00,2025-11-21 13:52:34.405000+00:00,0.4877352714538574,0.4428377151489258,4793.029800860969,,,,,0.45429787039756775,,0.0010000000474974513,1.673790454864502,30.0,,0.48441261053085327,1.673790454864502,,0.47933581471443176,1.2517426013946533,7855.860421316965,0.4282352328300476,0.5149804949760437,0.6017823219299316,1.2517426013946533,0.4792937636375427,6450.9663642822425,0.4275072515010834,0.38337647914886475,11127.6931332074,7.309573165737852,0.39592689275741577,0.4174880385398865,8.353549159303004,0.4964902698993683,0.6031180620193481,0.4892309606075287,12.056294246626976,10.628653048745171,1.0,0.5,128,7,0.5,,,30,,,1.0,0.001,adam,,30,499c4126ba318eb885e3a38eafb0ea080c91590e,,src/train/experiment_multimodal_grid_search.py,,User,,shallow_medium_w30_20251121_105214,,LOCAL,,,,,,,,,,,,,,,,,,,,,,,,,,,,,,,,,,112516.0,shallow_medium_w30,[32],[32],[128],arquitecturas,
b199df427ee045a399fe5cf277af3eee,848604639021911066,FINISHED,file:///E:/Codigos/Proyecto%20Final/mlruns/848604639021911066/b199df427ee045a399fe5cf277af3eee/artifacts,2025-11-21 13:51:54.183000+00:00,2025-11-21 13:52:14.703000+00:00,0.49793797731399536,0.5626958012580872,4852.32369773976,,,,,0.7167540192604065,,0.0010000000474974513,1.6498173475265503,30.0,,0.4862140715122223,1.6498173475265503,,0.4910069406032562,1.6796845197677612,7629.348202578672,0.48990362882614136,0.5941457152366638,0.6579406261444092,1.6796845197677612,0.48773375153541565,6365.221167823022,0.4931949973106384,0.44188183546066284,11586.223240573248,7.745925731830424,0.4870380163192749,0.5383647084236145,8.822852120413767,0.4959828853607178,0.5967866778373718,0.48931676149368286,12.101761368840332,10.64304628379543,1.0,0.5,128,7,0.5,,,15,,,1.0,0.001,adam,,30,499c4126ba318eb885e3a38eafb0ea080c91590e,,src/train/experiment_multimodal_grid_search.py,,User,,shallow_medium_w15_20251121_105154,,LOCAL,,,,,,,,,,,,,,,,,,,,,,,,,,,,,,,,,,112516.0,shallow_medium_w15,[32],[32],[128],arquitecturas,
aaef15bdb9b949809edcd4655ff5426d,848604639021911066,FINISHED,file:///E:/Codigos/Proyecto%20Final/mlruns/848604639021911066/aaef15bdb9b949809edcd4655ff5426d/artifacts,2025-11-21 13:50:37.903000+00:00,2025-11-21 13:51:54.140000+00:00,0.511518657207489,0.5157944560050964,5736.660737994691,,,,,0.9648966789245605,,0.0010000000474974513,1.3398021459579468,30.0,,0.4969293773174286,1.3398021459579468,,0.507430374622345,1.730915904045105,6181.195154138513,0.45836377143859863,0.5295807719230652,0.362151175737381,1.730915904045105,0.503599226474762,7514.3146666340945,0.45939508080482483,0.39796510338783264,8142.670566551735,7.871226019840904,0.47066202759742737,0.49818354845046997,9.225854306607634,0.523750364780426,0.45682573318481445,0.48748350143432617,13.104082108899902,11.596335281952136,1.0,0.5,128,7,0.5,,,360,,,1.0,0.001,adam,,30,499c4126ba318eb885e3a38eafb0ea080c91590e,,src/train/experiment_multimodal_grid_search.py,,User,,shallow_small_w360_20251121_105037,,LOCAL,,,,,,,,,,,,,,,,,,,,,,,,,,,,,,,,,,44164.0,shallow_small_w360,[32],[32],[64],arquitecturas,
6d81361b3fe3416d8f805ca74305470c,848604639021911066,FINISHED,file:///E:/Codigos/Proyecto%20Final/mlruns/848604639021911066/6d81361b3fe3416d8f805ca74305470c/artifacts,2025-11-21 13:49:59.655000+00:00,2025-11-21 13:50:37.878000+00:00,0.5435357689857483,0.5020865797996521,6639.7438488748185,,,,,0.6350107789039612,,0.0005000000237487257,1.723458170890808,30.0,,0.5145097970962524,1.723458170890808,,0.5566022396087646,1.8035461902618408,7597.378527582908,0.4082889258861542,0.6219374537467957,0.6638051867485046,1.8035461902618408,0.5345590710639954,8235.283021658457,0.41505926847457886,0.4506443440914154,10937.767473773762,8.437083525143281,0.5600429177284241,0.49713334441185,9.939542759264175,0.5988226532936096,0.5678205490112305,0.5053625106811523,13.627180891420641,11.884300860368946,1.0,0.5,128,7,0.5,,,240,,,1.0,0.001,adam,,30,499c4126ba318eb885e3a38eafb0ea080c91590e,,src/train/experiment_multimodal_grid_search.py,,User,,shallow_small_w240_20251121_104959,,LOCAL,,,,,,,,,,,,,,,,,,,,,,,,,,,,,,,,,,44164.0,shallow_small_w240,[32],[32],[64],arquitecturas,
c9bfce01f4544befafc5e0ab343a44f6,848604639021911066,FINISHED,file:///E:/Codigos/Proyecto%20Final/mlruns/848604639021911066/c9bfce01f4544befafc5e0ab343a44f6/artifacts,2025-11-21 13:49:32.837000+00:00,2025-11-21 13:49:59.631000+00:00,0.4880392551422119,0.5644230842590332,5690.006740394468,,,,,0.5621898770332336,,0.0010000000474974513,2.240831136703491,30.0,,0.545211672782898,2.240831136703491,,0.4924645721912384,1.380949854850769,8587.420850409837,0.4321751296520233,0.5278488993644714,1.1834677457809448,1.380949854850769,0.48080742359161377,7140.452091638133,0.43912339210510254,0.4032725393772125,13886.148828742791,8.509069460616459,0.5005820989608765,0.5491394400596619,9.714283413853522,0.5637995004653931,0.6727584004402161,0.5520350933074951,13.203435367543031,11.580246571277048,1.0,0.5,128,7,0.5,,,120,,,1.0,0.001,adam,,30,499c4126ba318eb885e3a38eafb0ea080c91590e,,src/train/experiment_multimodal_grid_search.py,,User,,shallow_small_w120_20251121_104932,,LOCAL,,,,,,,,,,,,,,,,,,,,,,,,,,,,,,,,,,44164.0,shallow_small_w120,[32],[32],[64],arquitecturas,
919274824eb541058ac7d8f0817ec7f5,848604639021911066,FINISHED,file:///E:/Codigos/Proyecto%20Final/mlruns/848604639021911066/919274824eb541058ac7d8f0817ec7f5/artifacts,2025-11-21 13:49:14.670000+00:00,2025-11-21 13:49:32.808000+00:00,0.5071927905082703,0.5082020163536072,4791.7231000299835,,,,,0.6740016341209412,,0.0010000000474974513,1.434455394744873,30.0,,0.47478142380714417,1.434455394744873,,0.5052053928375244,1.6332899332046509,7039.6793522621265,0.42238283157348633,0.585693895816803,0.609855055809021,1.6332899332046509,0.5055485367774963,6121.806793049813,0.43233078718185425,0.39613714814186096,10312.116394151672,7.285076954725709,0.5335081815719604,0.513740062713623,8.299115715758887,0.4899730980396271,0.5371007919311523,0.4829452931880951,11.120527757778909,9.827634122849329,1.0,0.5,128,7,0.5,,,60,,,1.0,0.001,adam,,30,499c4126ba318eb885e3a38eafb0ea080c91590e,,src/train/experiment_multimodal_grid_search.py,,User,,shallow_small_w60_20251121_104914,,LOCAL,,,,,,,,,,,,,,,,,,,,,,,,,,,,,,,,,,44164.0,shallow_small_w60,[32],[32],[64],arquitecturas,
b998b3d794294805ae5a625ae998ce62,848604639021911066,FINISHED,file:///E:/Codigos/Proyecto%20Final/mlruns/848604639021911066/b998b3d794294805ae5a625ae998ce62/artifacts,2025-11-21 13:49:00.714000+00:00,2025-11-21 13:49:14.646000+00:00,0.5003228187561035,0.43959373235702515,5063.097890720663,,,,,0.7062530517578125,,0.0005000000237487257,1.6949609518051147,30.0,,0.48952168226242065,1.6949609518051147,,0.5000452995300293,1.560848593711853,7714.653515625,0.46306467056274414,0.5825939178466797,0.5914716124534607,1.560848593711853,0.47873377799987793,6618.467023435197,0.4452521800994873,0.42986685037612915,11101.554393693921,7.30324986126958,0.400621235370636,0.4243243336677551,8.441653282788337,0.5244655013084412,0.5922771692276001,0.488807737827301,12.083115136514884,10.629012817057474,1.0,0.5,128,7,0.5,,,30,,,1.0,0.001,adam,,30,499c4126ba318eb885e3a38eafb0ea080c91590e,,src/train/experiment_multimodal_grid_search.py,,User,,shallow_small_w30_20251121_104900,,LOCAL,,,,,,,,,,,,,,,,,,,,,,,,,,,,,,,,,,44164.0,shallow_small_w30,[32],[32],[64],arquitecturas,
6df6b6fde77c4e0b9c0349114a24a39e,848604639021911066,FINISHED,file:///E:/Codigos/Proyecto%20Final/mlruns/848604639021911066/6df6b6fde77c4e0b9c0349114a24a39e/artifacts,2025-11-21 13:48:44.972000+00:00,2025-11-21 13:49:00.693000+00:00,0.5083131194114685,0.5632950067520142,4891.128717641734,,,,,0.7591266632080078,,0.0010000000474974513,1.630863904953003,30.0,,0.5025495886802673,1.630863904953003,,0.4890800714492798,1.6672688722610474,7789.191133085665,0.5117584466934204,0.5808874368667603,0.6535767912864685,1.6672688722610474,0.48506924510002136,6410.438341009204,0.4993855953216553,0.44113031029701233,11619.363831420036,7.793756597406499,0.4729995131492615,0.5542454719543457,9.081318842900265,0.4912184178829193,0.5820823907852173,0.49604710936546326,12.304802513398853,10.669752017731827,1.0,0.5,128,7,0.5,,,15,,,1.0,0.001,adam,,30,499c4126ba318eb885e3a38eafb0ea080c91590e,,src/train/experiment_multimodal_grid_search.py,,User,,shallow_small_w15_20251121_104844,,LOCAL,,,,,,,,,,,,,,,,,,,,,,,,,,,,,,,,,,44164.0,shallow_small_w15,[32],[32],[64],arquitecturas,
f984cc65993746ddbdb9bf8dd9056d5e,481259867844310615,FINISHED,file:///E:/Codigos/Proyecto%20Final/mlruns/481259867844310615/f984cc65993746ddbdb9bf8dd9056d5e/artifacts,2025-11-21 13:26:57.937000+00:00,2025-11-21 13:28:52.486000+00:00,0.4934273064136505,0.4983919560909271,5691.855783844112,,,,,0.3344058692455292,,0.0005000000237487257,1.7457995414733887,30.0,,0.4934329390525818,1.7457995414733887,,0.4908638894557953,1.1998565196990967,6332.3306323902025,0.4532501995563507,0.42536067962646484,0.8108419179916382,1.1998565196990967,0.47234174609184265,7429.6018976276855,0.4493667185306549,0.4163524806499481,8323.9868830991,7.998538344983429,0.4399813115596771,0.4915604591369629,9.439158060375787,0.5035775303840637,0.5645291209220886,0.47238436341285706,13.235267251568157,11.610522417682487,1.0,0.5,128,7,0.5,,,360,,,1.0,0.001,adam,,30,499c4126ba318eb885e3a38eafb0ea080c91590e,,src/train/experiment_multimodal_grid_search.py,,User,,w360d_20251121_102657,,LOCAL,,,,,,,,,,,,,,,,,,,,,,,,,,,,,,,,,,145540.0,w360d,[32],[32],"[128, 64]",temporal,#1f272d
a78802e5ca7140b28d7102d2822ed6f9,481259867844310615,FINISHED,file:///E:/Codigos/Proyecto%20Final/mlruns/481259867844310615/a78802e5ca7140b28d7102d2822ed6f9/artifacts,2025-11-21 13:25:51.230000+00:00,2025-11-21 13:26:57.917000+00:00,0.5300074815750122,0.5075296759605408,6871.119029883382,,,,,0.8210344910621643,,0.0005000000237487257,2.07780385017395,30.0,,0.5443452596664429,2.07780385017395,,0.5669669508934021,1.7942826747894287,9650.420719068878,0.593933641910553,0.6888377070426941,0.8917576670646667,1.7942826747894287,0.5150726437568665,8481.654957777671,0.6002563834190369,0.614722490310669,12972.802051518807,8.32133753028625,0.6734654903411865,0.5176318883895874,9.957661386829074,0.6656710505485535,0.7032694816589355,0.5198447108268738,13.611724805275966,11.756319733529509,1.0,0.5,128,7,0.5,,,240,,,1.0,0.001,adam,,30,499c4126ba318eb885e3a38eafb0ea080c91590e,,src/train/experiment_multimodal_grid_search.py,,User,,w240d_20251121_102551,,LOCAL,,,,,,,,,,,,,,,,,,,,,,,,,,,,,,,,,,145540.0,w240d,[32],[32],"[128, 64]",temporal,#a6630c
1bfdcef5101a47d28c31839c8afc2af7,481259867844310615,FINISHED,file:///E:/Codigos/Proyecto%20Final/mlruns/481259867844310615/1bfdcef5101a47d28c31839c8afc2af7/artifacts,2025-11-21 13:25:12.725000+00:00,2025-11-21 13:25:51.210000+00:00,0.4852323830127716,0.5702351331710815,6134.1900874012,,,,,0.4962213635444641,,0.0010000000474974513,1.8879903554916382,30.0,,0.5626658797264099,1.8879903554916382,,0.4982641935348511,1.3421483039855957,8468.908859503073,0.43112531304359436,0.56003737449646,0.7450703382492065,1.3421483039855957,0.48123475909233093,7957.741014372921,0.43300294876098633,0.4177936911582947,10619.223091960004,8.345201581646743,0.5744065642356873,0.5667917132377625,9.771010794181732,0.6027557849884033,0.6481332778930664,0.5535627603530884,13.254391845565918,11.500923053964694,1.0,0.5,128,7,0.5,,,120,,,1.0,0.001,adam,,30,499c4126ba318eb885e3a38eafb0ea080c91590e,,src/train/experiment_multimodal_grid_search.py,,User,,w120d_20251121_102512,,LOCAL,,,,,,,,,,,,,,,,,,,,,,,,,,,,,,,,,,145540.0,w120d,[32],[32],"[128, 64]",temporal,
f344cfc796c94b469c45071daa6aa9b3,481259867844310615,FINISHED,file:///E:/Codigos/Proyecto%20Final/mlruns/481259867844310615/f344cfc796c94b469c45071daa6aa9b3/artifacts,2025-11-21 13:24:52.772000+00:00,2025-11-21 13:25:12.707000+00:00,0.5080142021179199,0.4575961232185364,4974.171090369898,,,,,0.6893825531005859,,0.0010000000474974513,1.6977723836898804,30.0,,0.49425801634788513,1.6977723836898804,,0.49761149287223816,1.5563013553619385,7667.749748883929,0.47915178537368774,0.5672813653945923,0.6025020480155945,1.5563013553619385,0.4956822991371155,6552.48415378383,0.4680047631263733,0.42440229654312134,11099.5169545783,7.637977705196457,0.3948470950126648,0.4272065758705139,8.523330155197456,0.5152539610862732,0.5886762738227844,0.5112111568450928,12.18678882845335,10.799290268687436,1.0,0.5,128,7,0.5,,,30,,,1.0,0.001,adam,,30,499c4126ba318eb885e3a38eafb0ea080c91590e,,src/train/experiment_multimodal_grid_search.py,,User,,w30d_20251121_102452,,LOCAL,,,,,,,,,,,,,,,,,,,,,,,,,,,,,,,,,,145540.0,w30d,[32],[32],"[128, 64]",temporal,
91282632916040bdbc35db5a25592730,481259867844310615,FINISHED,file:///E:/Codigos/Proyecto%20Final/mlruns/481259867844310615/91282632916040bdbc35db5a25592730/artifacts,2025-11-21 13:24:36.654000+00:00,2025-11-21 13:24:52.753000+00:00,0.49858182668685913,0.5315273404121399,4747.106863152473,,,,,0.7785183191299438,,0.0010000000474974513,1.6598570346832275,30.0,,0.49689456820487976,1.6598570346832275,,0.4852805435657501,1.6507550477981567,7602.196446131993,0.487490713596344,0.5819709897041321,0.6584724187850952,1.6507550477981567,0.4894794523715973,6434.60169797412,0.490281879901886,0.42416077852249146,11544.044030094994,7.6508959599665465,0.46508198976516724,0.5119795203208923,8.983321465216912,0.494284987449646,0.5919209718704224,0.49072542786598206,12.101610613792007,10.52178998163839,1.0,0.5,128,7,0.5,,,14,,,1.0,0.001,adam,,30,499c4126ba318eb885e3a38eafb0ea080c91590e,,src/train/experiment_multimodal_grid_search.py,,User,,w14d_20251121_102436,,LOCAL,,,,,,,,,,,,,,,,,,,,,,,,,,,,,,,,,,145540.0,w14d,[32],[32],"[128, 64]",temporal,
1b3c9838d24341a9817da385fcf0733e,438580544790784720,FINISHED,file:///E:/Codigos/Proyecto%20Final/mlruns/438580544790784720/1b3c9838d24341a9817da385fcf0733e/artifacts,2025-11-21 11:55:46.470000+00:00,2025-11-21 11:59:01.636000+00:00,0.5172160863876343,0.5101802945137024,5687.5359482384165,,,,,0.44024109840393066,,0.0010000000474974513,1.9299992322921753,30.0,,0.5004351139068604,1.9299992322921753,,0.5254050493240356,1.3550292253494263,7358.067224451013,0.5185984969139099,0.4716981053352356,0.8969349265098572,1.3550292253494263,0.5155642628669739,7415.490796290496,0.5288568735122681,0.4860576391220093,9847.98431065357,7.615136032399063,0.529296338558197,0.497355580329895,9.01241465240832,0.5609670877456665,0.6912014484405518,0.48371532559394836,12.95277238588029,11.404664657221838,1.0,0.5,128,7,0.5,,,360,,,1.0,0.001,adam,,30,499c4126ba318eb885e3a38eafb0ea080c91590e,,src/train/experiment_multimodal_grid_search.py,,User,,asymmetric_customer_w360_20251121_085546,,LOCAL,,,,,,,,,,,,,,,,,,,,,,,,,,,,,,,,,,171316.0,asymmetric_customer_w360,"[64, 32]",[16],"[128, 64]",arquitecturas,
b8c0adb4187c454dab89d56f1649f0e9,438580544790784720,FINISHED,file:///E:/Codigos/Proyecto%20Final/mlruns/438580544790784720/b8c0adb4187c454dab89d56f1649f0e9/artifacts,2025-11-21 11:53:14.734000+00:00,2025-11-21 11:55:46.449000+00:00,0.5313706398010254,0.4951508641242981,6690.065372289541,,,,,1.3823933601379395,,0.0005000000237487257,1.7490805387496948,30.0,,0.518364667892456,1.7490805387496948,,0.5759658217430115,1.6976757049560547,7878.709801498724,0.45264601707458496,0.5769482851028442,0.6575286388397217,1.6976757049560547,0.522972583770752,8384.09003171999,0.4476284682750702,0.46807947754859924,11184.239265446566,8.291338545240396,0.5964840650558472,0.49498480558395386,10.032167006512076,0.6162739396095276,0.5712233781814575,0.49669986963272095,13.616179746544423,11.746253683857526,1.0,0.5,128,7,0.5,,,240,,,1.0,0.001,adam,,30,499c4126ba318eb885e3a38eafb0ea080c91590e,,src/train/experiment_multimodal_grid_search.py,,User,,asymmetric_customer_w240_20251121_085314,,LOCAL,,,,,,,,,,,,,,,,,,,,,,,,,,,,,,,,,,171316.0,asymmetric_customer_w240,"[64, 32]",[16],"[128, 64]",arquitecturas,
81bd0903dcb040eeb958dd3ec35bd532,438580544790784720,FINISHED,file:///E:/Codigos/Proyecto%20Final/mlruns/438580544790784720/81bd0903dcb040eeb958dd3ec35bd532/artifacts,2025-11-21 11:51:35.971000+00:00,2025-11-21 11:53:14.722000+00:00,0.48469918966293335,0.5298634171485901,5369.988898419204,,,,,0.5589754581451416,,0.0010000000474974513,2.187490940093994,30.0,,0.5230032205581665,2.187490940093994,,0.4815623462200165,1.37239408493042,8638.211753970287,0.4248369336128235,0.5367822051048279,1.1885154247283936,1.37239408493042,0.4686153829097748,6894.327602220381,0.4202047884464264,0.3917568325996399,13915.7302371859,7.809833079925463,0.46666765213012695,0.534752368927002,9.318584567210713,0.5320903658866882,0.6767375469207764,0.5066713094711304,13.029326230726825,11.220116351367686,1.0,0.5,128,7,0.5,,,120,,,1.0,0.001,adam,,30,499c4126ba318eb885e3a38eafb0ea080c91590e,,src/train/experiment_multimodal_grid_search.py,,User,,asymmetric_customer_w120_20251121_085135,,LOCAL,,,,,,,,,,,,,,,,,,,,,,,,,,,,,,,,,,171316.0,asymmetric_customer_w120,"[64, 32]",[16],"[128, 64]",arquitecturas,
63bba6f4d6f74b78a7b16452548e5f48,438580544790784720,FINISHED,file:///E:/Codigos/Proyecto%20Final/mlruns/438580544790784720/63bba6f4d6f74b78a7b16452548e5f48/artifacts,2025-11-21 11:50:34.356000+00:00,2025-11-21 11:51:35.958000+00:00,0.48010677099227905,0.4923418164253235,4644.9688650053295,,,,,0.5519524812698364,,0.0010000000474974513,1.3254560232162476,30.0,,0.453152060508728,1.3254560232162476,,0.4915001094341278,1.4488067626953125,7060.921204524254,0.4221516251564026,0.572943925857544,0.5809650421142578,1.4488067626953125,0.47206902503967285,5943.5295673956725,0.4154137969017029,0.41479936242103577,9547.02343171581,6.715678217060277,0.49216029047966003,0.5035191178321838,7.787487274039782,0.46980804204940796,0.5482555627822876,0.4489003121852875,10.784412863884452,9.38215702686398,1.0,0.5,128,7,0.5,,,60,,,1.0,0.001,adam,,30,499c4126ba318eb885e3a38eafb0ea080c91590e,,src/train/experiment_multimodal_grid_search.py,,User,,asymmetric_customer_w60_20251121_085034,,LOCAL,,,,,,,,,,,,,,,,,,,,,,,,,,,,,,,,,,171316.0,asymmetric_customer_w60,"[64, 32]",[16],"[128, 64]",arquitecturas,
db8d8a1629a54127aa198dc2df1dbe18,438580544790784720,FINISHED,file:///E:/Codigos/Proyecto%20Final/mlruns/438580544790784720/db8d8a1629a54127aa198dc2df1dbe18/artifacts,2025-11-21 11:49:51.568000+00:00,2025-11-21 11:50:34.346000+00:00,0.488007515668869,0.42821842432022095,4953.197487739158,,,,,0.4562748968601227,,0.0005000000237487257,1.6687798500061035,30.0,,0.4695563316345215,1.6687798500061035,,0.4922362267971039,1.3111952543258667,7709.363448660714,0.3967401683330536,0.5340772271156311,0.5900877714157104,1.3111952543258667,0.474197655916214,6549.317226689365,0.397186279296875,0.3890092968940735,11074.348077622257,6.938299093441087,0.4024653732776642,0.4065956473350525,8.097356461505502,0.513081431388855,0.5918709635734558,0.46438151597976685,11.923499149004753,10.493480891680806,1.0,0.5,128,7,0.5,,,30,,,1.0,0.001,adam,,30,499c4126ba318eb885e3a38eafb0ea080c91590e,,src/train/experiment_multimodal_grid_search.py,,User,,asymmetric_customer_w30_20251121_084951,,LOCAL,,,,,,,,,,,,,,,,,,,,,,,,,,,,,,,,,,171316.0,asymmetric_customer_w30,"[64, 32]",[16],"[128, 64]",arquitecturas,
ef1bb3d44935471986efb2981e9a6863,438580544790784720,FINISHED,file:///E:/Codigos/Proyecto%20Final/mlruns/438580544790784720/ef1bb3d44935471986efb2981e9a6863/artifacts,2025-11-21 11:49:20.351000+00:00,2025-11-21 11:49:51.556000+00:00,0.5025203824043274,0.5597411394119263,4792.400247752248,,,,,0.6480547189712524,,0.0010000000474974513,1.6888924837112427,30.0,,0.49353426694869995,1.6888924837112427,,0.48264557123184204,1.5840537548065186,8029.81487652972,0.4706297814846039,0.5929498672485352,0.8301647305488586,1.5840537548065186,0.4877367615699768,6345.379477644993,0.47102800011634827,0.414680540561676,11825.10341527668,7.654988897668493,0.48151087760925293,0.5441591143608093,8.797600992909679,0.502030611038208,0.6351473927497864,0.4863566756248474,12.12441500474177,10.602489949940745,1.0,0.5,128,7,0.5,,,15,,,1.0,0.001,adam,,30,499c4126ba318eb885e3a38eafb0ea080c91590e,,src/train/experiment_multimodal_grid_search.py,,User,,asymmetric_customer_w15_20251121_084920,,LOCAL,,,,,,,,,,,,,,,,,,,,,,,,,,,,,,,,,,171316.0,asymmetric_customer_w15,"[64, 32]",[16],"[128, 64]",arquitecturas,
49b040f7f90f4cb18077d998a78e8833,438580544790784720,FINISHED,file:///E:/Codigos/Proyecto%20Final/mlruns/438580544790784720/49b040f7f90f4cb18077d998a78e8833/artifacts,2025-11-21 11:45:50.619000+00:00,2025-11-21 11:49:20.337000+00:00,0.6213788390159607,0.9132277965545654,7530.725468780164,,,,,0.6567155718803406,,0.0005000000237487257,3.328364372253418,15.0,,0.6618341207504272,3.328364372253418,,0.6204113364219666,2.192056655883789,10376.84522804054,0.854414701461792,0.5671312808990479,1.4188458919525146,2.192056655883789,0.6252017021179199,10647.531225751816,0.899867057800293,0.7327737212181091,14596.36248207727,10.459280198145096,1.0034674406051636,0.898874044418335,12.215310093058584,0.7135106921195984,0.8182428479194641,0.650992214679718,17.102730569618455,15.259323188474502,1.0,0.5,128,7,0.5,,,360,,,1.0,0.001,adam,,30,499c4126ba318eb885e3a38eafb0ea080c91590e,,src/train/experiment_multimodal_grid_search.py,,User,,very_deep_w360_20251121_084550,,LOCAL,,,,,,,,,,,,,,,,,,,,,,,,,,,,,,,,,,606980.0,very_deep_w360,"[64, 32]","[64, 32]","[256, 128, 64, 32]",arquitecturas,
e7a3d7e8d2b845069911ce2d18fdbecd,438580544790784720,FINISHED,file:///E:/Codigos/Proyecto%20Final/mlruns/438580544790784720/e7a3d7e8d2b845069911ce2d18fdbecd/artifacts,2025-11-21 11:40:54.925000+00:00,2025-11-21 11:45:50.605000+00:00,0.5622152090072632,0.5313650369644165,6849.428607142858,,,,,0.6913646459579468,,0.0005000000237487257,1.7494747638702393,30.0,,0.5433221459388733,1.7494747638702393,,0.5940481424331665,1.647446870803833,8162.33912627551,0.713733434677124,0.5734915137290955,0.5702527761459351,1.647446870803833,0.541326105594635,8740.47295552741,0.7287053465843201,0.8012653589248657,10415.564245718497,8.76793025047369,0.6482713222503662,0.5305362343788147,10.515181143846872,0.6309541463851929,0.5917871594429016,0.5252505540847778,14.096681192949253,12.16822125164408,1.0,0.5,128,7,0.5,,,240,,,1.0,0.001,adam,,30,499c4126ba318eb885e3a38eafb0ea080c91590e,,src/train/experiment_multimodal_grid_search.py,,User,,very_deep_w240_20251121_084054,,LOCAL,,,,,,,,,,,,,,,,,,,,,,,,,,,,,,,,,,606980.0,very_deep_w240,"[64, 32]","[64, 32]","[256, 128, 64, 32]",arquitecturas,
a2c28b13cd7f4ea89362d35d912e7c56,438580544790784720,FINISHED,file:///E:/Codigos/Proyecto%20Final/mlruns/438580544790784720/a2c28b13cd7f4ea89362d35d912e7c56/artifacts,2025-11-21 11:37:41.206000+00:00,2025-11-21 11:40:54.906000+00:00,0.47233206033706665,0.5454030632972717,6058.558273876611,,,,,0.565104603767395,,0.0010000000474974513,2.421715021133423,30.0,,0.5298957824707031,2.421715021133423,,0.5119739770889282,1.4258688688278198,9184.611216060452,0.4131465554237366,0.5468182563781738,1.262343168258667,1.4258688688278198,0.4734070301055908,7926.214013183585,0.4161427617073059,0.42958512902259827,14344.940835171103,8.098052013674161,0.6183730959892273,0.536594033241272,9.381197793143135,0.6032596826553345,0.715599775314331,0.531770646572113,13.01691382292075,11.355736580262652,1.0,0.5,128,7,0.5,,,120,,,1.0,0.001,adam,,30,499c4126ba318eb885e3a38eafb0ea080c91590e,,src/train/experiment_multimodal_grid_search.py,,User,,very_deep_w120_20251121_083741,,LOCAL,,,,,,,,,,,,,,,,,,,,,,,,,,,,,,,,,,606980.0,very_deep_w120,"[64, 32]","[64, 32]","[256, 128, 64, 32]",arquitecturas,
ba84c38762df4a53a6ef78f67feed3d8,438580544790784720,FINISHED,file:///E:/Codigos/Proyecto%20Final/mlruns/438580544790784720/ba84c38762df4a53a6ef78f67feed3d8/artifacts,2025-11-21 11:35:57.318000+00:00,2025-11-21 11:37:41.192000+00:00,0.49580565094947815,0.4984799921512604,5004.384676272654,,,,,0.6861252784729004,,0.0010000000474974513,1.5212996006011963,30.0,,0.4827827215194702,1.5212996006011963,,0.5259454250335693,1.6694666147232056,7779.275609258396,0.40939703583717346,0.6062992215156555,0.6510636210441589,1.6694666147232056,0.4812915325164795,6287.153019265978,0.40312814712524414,0.43543189764022827,10974.974510404496,7.0497203086739155,0.5169445276260376,0.5126391053199768,8.324176406046984,0.5118356943130493,0.592655599117279,0.4721067547798157,11.03893657231008,9.532658733624514,1.0,0.5,128,7,0.5,,,60,,,1.0,0.001,adam,,30,499c4126ba318eb885e3a38eafb0ea080c91590e,,src/train/experiment_multimodal_grid_search.py,,User,,very_deep_w60_20251121_083557,,LOCAL,,,,,,,,,,,,,,,,,,,,,,,,,,,,,,,,,,606980.0,very_deep_w60,"[64, 32]","[64, 32]","[256, 128, 64, 32]",arquitecturas,
f8d5f32356ab425a9a2995e726bebcdb,438580544790784720,FINISHED,file:///E:/Codigos/Proyecto%20Final/mlruns/438580544790784720/f8d5f32356ab425a9a2995e726bebcdb/artifacts,2025-11-21 11:34:54.038000+00:00,2025-11-21 11:35:57.302000+00:00,0.4851345419883728,0.43286657333374023,4784.623915449618,,,,,0.6513349413871765,,0.0010000000474974513,1.6303426027297974,30.0,,0.470574289560318,1.6303426027297974,,0.48376649618148804,1.4935431480407715,7645.049428013393,0.40968161821365356,0.5478652715682983,0.5702787637710571,1.4935431480407715,0.47062355279922485,6423.887854587408,0.4054291248321533,0.38781607151031494,10927.270072737672,6.840962608493105,0.38445723056793213,0.41280609369277954,8.114911386918047,0.495619535446167,0.586933434009552,0.4578667879104614,11.923205000340678,10.453148923996222,1.0,0.5,128,7,0.5,,,30,,,1.0,0.001,adam,,30,499c4126ba318eb885e3a38eafb0ea080c91590e,,src/train/experiment_multimodal_grid_search.py,,User,,very_deep_w30_20251121_083454,,LOCAL,,,,,,,,,,,,,,,,,,,,,,,,,,,,,,,,,,606980.0,very_deep_w30,"[64, 32]","[64, 32]","[256, 128, 64, 32]",arquitecturas,
bd3b0df1c8504300a61e5b51e121a9f8,438580544790784720,FINISHED,file:///E:/Codigos/Proyecto%20Final/mlruns/438580544790784720/bd3b0df1c8504300a61e5b51e121a9f8/artifacts,2025-11-21 11:34:07.020000+00:00,2025-11-21 11:34:54.023000+00:00,0.5146927833557129,0.5982977151870728,5005.776040100524,,,,,0.6816262006759644,,0.0010000000474974513,1.779144048690796,30.0,,0.5184288024902344,1.779144048690796,,0.5048630833625793,1.6623561382293701,8273.377581402972,0.4992069602012634,0.5840964913368225,0.8270427584648132,1.6623561382293701,0.500390350818634,6495.639430866506,0.4982667565345764,0.44919854402542114,12041.48853175959,7.885944012042645,0.5258647799491882,0.5684220194816589,9.132248286838895,0.5154365301132202,0.6371738910675049,0.5154954791069031,12.504552475572286,10.864614232883907,1.0,0.5,128,7,0.5,,,15,,,1.0,0.001,adam,,30,499c4126ba318eb885e3a38eafb0ea080c91590e,,src/train/experiment_multimodal_grid_search.py,,User,,very_deep_w15_20251121_083407,,LOCAL,,,,,,,,,,,,,,,,,,,,,,,,,,,,,,,,,,606980.0,very_deep_w15,"[64, 32]","[64, 32]","[256, 128, 64, 32]",arquitecturas,
c35c1fb967084c808811a52be78133cc,438580544790784720,FINISHED,file:///E:/Codigos/Proyecto%20Final/mlruns/438580544790784720/c35c1fb967084c808811a52be78133cc/artifacts,2025-11-21 11:27:16.658000+00:00,2025-11-21 11:34:07.007000+00:00,0.5045049786567688,0.5325875282287598,5683.01802262307,,,,,0.5228897929191589,,0.0005000000237487257,1.5239481925964355,30.0,,0.5339506268501282,1.5239481925964355,,0.490657776594162,1.394672155380249,6250.777502111487,0.49121928215026855,0.48451176285743713,0.5449962615966797,1.394672155380249,0.49442845582962036,7398.512148332401,0.4922086298465729,0.4160136878490448,8193.252621242693,7.98362145000443,0.4506528079509735,0.5240106582641602,9.542500433314261,0.5069757699966431,0.5354104042053223,0.514405369758606,13.26417840827515,11.63702166725277,1.0,0.5,128,7,0.5,,,360,,,1.0,0.001,adam,,30,499c4126ba318eb885e3a38eafb0ea080c91590e,,src/train/experiment_multimodal_grid_search.py,,User,,deep_large_w360_20251121_082716,,LOCAL,,,,,,,,,,,,,,,,,,,,,,,,,,,,,,,,,,610948.0,deep_large_w360,"[64, 32]","[64, 32]","[256, 128, 64]",arquitecturas,
3480ad119eaf4b759a81e86af49bf08f,438580544790784720,FINISHED,file:///E:/Codigos/Proyecto%20Final/mlruns/438580544790784720/3480ad119eaf4b759a81e86af49bf08f/artifacts,2025-11-21 11:22:30.208000+00:00,2025-11-21 11:27:16.645000+00:00,0.5318216681480408,0.5062912702560425,6883.238464103499,,,,,0.5261193513870239,,0.0002500000118743628,1.7098332643508911,30.0,,0.508112907409668,1.7098332643508911,,0.5628318190574646,1.5615164041519165,8115.507174744898,0.45468026399612427,0.5743392109870911,0.562961220741272,1.5615164041519165,0.5271620154380798,8715.999170774634,0.4706465005874634,0.498391330242157,10348.760720844986,8.528479806883341,0.6446460485458374,0.498160719871521,9.833759508049521,0.6340687274932861,0.5883917808532715,0.5109060406684875,13.659792280386009,11.877658292234784,1.0,0.5,128,7,0.5,,,240,,,1.0,0.001,adam,,30,499c4126ba318eb885e3a38eafb0ea080c91590e,,src/train/experiment_multimodal_grid_search.py,,User,,deep_large_w240_20251121_082230,,LOCAL,,,,,,,,,,,,,,,,,,,,,,,,,,,,,,,,,,610948.0,deep_large_w240,"[64, 32]","[64, 32]","[256, 128, 64]",arquitecturas,
e0fabde46e224e1d9a4a0a7b55f977bf,438580544790784720,FINISHED,file:///E:/Codigos/Proyecto%20Final/mlruns/438580544790784720/e0fabde46e224e1d9a4a0a7b55f977bf/artifacts,2025-11-21 11:19:35.045000+00:00,2025-11-21 11:22:30.195000+00:00,0.47742533683776855,0.5378580689430237,5453.08350912983,,,,,0.5396699905395508,,0.0010000000474974513,2.199598550796509,30.0,,0.5312017202377319,2.199598550796509,,0.49447622895240784,1.3616552352905273,8547.197793929303,0.4165104031562805,0.5270370841026306,1.1819367408752441,1.3616552352905273,0.463492214679718,6979.491172106567,0.41525325179100037,0.4048875570297241,13877.163614220046,7.977920040872113,0.4782680869102478,0.5409291982650757,9.464660760669572,0.540323793888092,0.6696072816848755,0.5175761580467224,13.104360062341934,11.304445003365483,1.0,0.5,128,7,0.5,,,120,,,1.0,0.001,adam,,30,499c4126ba318eb885e3a38eafb0ea080c91590e,,src/train/experiment_multimodal_grid_search.py,,User,,deep_large_w120_20251121_081935,,LOCAL,,,,,,,,,,,,,,,,,,,,,,,,,,,,,,,,,,610948.0,deep_large_w120,"[64, 32]","[64, 32]","[256, 128, 64]",arquitecturas,
2774dc761ea446918220cf887d3791f9,438580544790784720,FINISHED,file:///E:/Codigos/Proyecto%20Final/mlruns/438580544790784720/2774dc761ea446918220cf887d3791f9/artifacts,2025-11-21 11:17:55.058000+00:00,2025-11-21 11:19:35.033000+00:00,0.5000432133674622,0.5000391006469727,4572.50029649187,,,,,0.6282603144645691,,0.0005000000237487257,1.3258758783340454,30.0,,0.47468501329421997,1.3258758783340454,,0.5039721727371216,1.5424821376800537,6869.857174090485,0.42661604285240173,0.5684766173362732,0.5714170932769775,1.5424821376800537,0.49353674054145813,5942.7197539237495,0.43174099922180176,0.3996368944644928,9388.713965109599,7.1190171556940465,0.49535828828811646,0.5089614391326904,8.26191506456973,0.4710216820240021,0.5395992994308472,0.4710395038127899,10.988912562039502,9.644227792445038,1.0,0.5,128,7,0.5,,,60,,,1.0,0.001,adam,,30,499c4126ba318eb885e3a38eafb0ea080c91590e,,src/train/experiment_multimodal_grid_search.py,,User,,deep_large_w60_20251121_081755,,LOCAL,,,,,,,,,,,,,,,,,,,,,,,,,,,,,,,,,,610948.0,deep_large_w60,"[64, 32]","[64, 32]","[256, 128, 64]",arquitecturas,
de9d31893f9a47fd97519ab7c4e42c36,438580544790784720,FINISHED,file:///E:/Codigos/Proyecto%20Final/mlruns/438580544790784720/de9d31893f9a47fd97519ab7c4e42c36/artifacts,2025-11-21 11:16:54.238000+00:00,2025-11-21 11:17:55.045000+00:00,0.49318549036979675,0.42535483837127686,4724.58170353954,,,,,0.7129045724868774,,0.0010000000474974513,1.6320921182632446,30.0,,0.47324976325035095,1.6320921182632446,,0.4762762486934662,1.4966741800308228,7454.9478515625,0.4354221820831299,0.5460399389266968,0.5679901838302612,1.4966741800308228,0.47884443402290344,6393.984553752262,0.4328609108924866,0.39617282152175903,10883.415191624874,6.983138563195053,0.38434213399887085,0.40350276231765747,8.086948293569137,0.4824853539466858,0.5860311985015869,0.4683162271976471,11.926132265382046,10.496785605611123,1.0,0.5,128,7,0.5,,,30,,,1.0,0.001,adam,,30,499c4126ba318eb885e3a38eafb0ea080c91590e,,src/train/experiment_multimodal_grid_search.py,,User,,deep_large_w30_20251121_081654,,LOCAL,,,,,,,,,,,,,,,,,,,,,,,,,,,,,,,,,,610948.0,deep_large_w30,"[64, 32]","[64, 32]","[256, 128, 64]",arquitecturas,
13316c1ec45c40999e0f8286d23101c3,438580544790784720,FINISHED,file:///E:/Codigos/Proyecto%20Final/mlruns/438580544790784720/13316c1ec45c40999e0f8286d23101c3/artifacts,2025-11-21 11:16:15.812000+00:00,2025-11-21 11:16:54.226000+00:00,0.5075627565383911,0.567429780960083,4887.061635255369,,,,,0.7128959894180298,,0.0005000000237487257,1.6844639778137207,30.0,,0.4924323260784149,1.6844639778137207,,0.49651452898979187,1.6936373710632324,7893.479403409091,0.48730459809303284,0.5994304418563843,0.6855376958847046,1.6936373710632324,0.501667857170105,6386.218481707235,0.495479017496109,0.4298843741416931,11737.775588524844,7.734472833075127,0.47948452830314636,0.5526875257492065,8.980337872729077,0.4997497797012329,0.6050886511802673,0.49121493101119995,12.33015903439769,10.744499696145798,1.0,0.5,128,7,0.5,,,15,,,1.0,0.001,adam,,30,499c4126ba318eb885e3a38eafb0ea080c91590e,,src/train/experiment_multimodal_grid_search.py,,User,,deep_large_w15_20251121_081615,,LOCAL,,,,,,,,,,,,,,,,,,,,,,,,,,,,,,,,,,610948.0,deep_large_w15,"[64, 32]","[64, 32]","[256, 128, 64]",arquitecturas,
b91f9b3483ab4cc6bf01b0084b90b9f8,438580544790784720,FINISHED,file:///E:/Codigos/Proyecto%20Final/mlruns/438580544790784720/b91f9b3483ab4cc6bf01b0084b90b9f8/artifacts,2025-11-21 11:13:52.038000+00:00,2025-11-21 11:16:15.799000+00:00,0.4988434314727783,0.5100229978561401,6293.216993876689,,,,,0.4081820547580719,,0.0005000000237487257,2.0051865577697754,30.0,,0.4880352020263672,2.0051865577697754,,0.5309292078018188,1.3364561796188354,8391.903425886825,0.5019322037696838,0.4763602316379547,0.9424248933792114,1.3364561796188354,0.49291521310806274,8293.578938845285,0.512252688407898,0.4700275957584381,11492.957137257796,7.940775352095083,0.5628793835639954,0.48974156379699707,9.254662031372543,0.5852569341659546,0.6701352000236511,0.48426127433776855,13.073998509382028,11.585193846345168,1.0,0.5,128,7,0.5,,,360,,,1.0,0.001,adam,,30,499c4126ba318eb885e3a38eafb0ea080c91590e,,src/train/experiment_multimodal_grid_search.py,,User,,deep_small_w360_20251121_081352,,LOCAL,,,,,,,,,,,,,,,,,,,,,,,,,,,,,,,,,,149764.0,deep_small_w360,[32],[32],"[128, 64, 32]",arquitecturas,
68d6d5cc46bb43ba9e5b2e708c1c7a31,438580544790784720,FINISHED,file:///E:/Codigos/Proyecto%20Final/mlruns/438580544790784720/68d6d5cc46bb43ba9e5b2e708c1c7a31/artifacts,2025-11-21 11:12:26.800000+00:00,2025-11-21 11:13:52.023000+00:00,0.5407822728157043,0.5349414348602295,6718.854458659803,,,,,0.6744595766067505,,0.0005000000237487257,1.8785760402679443,22.0,,0.567304253578186,1.8785760402679443,,0.5916697382926941,1.679317831993103,9216.409618144133,0.7257631421089172,0.5994537472724915,0.6785588264465332,1.679317831993103,0.5385729670524597,8422.824267584296,0.773789644241333,0.7145334482192993,11665.12466945537,8.557180610412063,0.6590061783790588,0.5470805168151855,10.051745445318192,0.6395213603973389,0.6331583261489868,0.5451988577842712,13.741255735762445,12.003507823611516,1.0,0.5,128,7,0.5,,,240,,,1.0,0.001,adam,,30,499c4126ba318eb885e3a38eafb0ea080c91590e,,src/train/experiment_multimodal_grid_search.py,,User,,deep_small_w240_20251121_081226,,LOCAL,,,,,,,,,,,,,,,,,,,,,,,,,,,,,,,,,,149764.0,deep_small_w240,[32],[32],"[128, 64, 32]",arquitecturas,
da155dd943b949499841dcdaf868a447,438580544790784720,FINISHED,file:///E:/Codigos/Proyecto%20Final/mlruns/438580544790784720/da155dd943b949499841dcdaf868a447/artifacts,2025-11-21 11:11:10.671000+00:00,2025-11-21 11:12:26.788000+00:00,0.4882561266422272,0.5573362112045288,5652.141875311036,,,,,0.5392334461212158,,0.0010000000474974513,2.251431465148926,30.0,,0.5448721051216125,2.251431465148926,,0.4890228509902954,1.3701963424682617,8665.95408555328,0.4272906184196472,0.5202259421348572,1.190178394317627,1.3701963424682617,0.4849292039871216,7182.770624104634,0.4345819354057312,0.4004768133163452,13925.461730396933,8.278715611620864,0.506533145904541,0.5521035194396973,9.708231820993175,0.5600476264953613,0.6789109110832214,0.5370905995368958,13.239020162162197,11.50731620921526,1.0,0.5,128,7,0.5,,,120,,,1.0,0.001,adam,,30,499c4126ba318eb885e3a38eafb0ea080c91590e,,src/train/experiment_multimodal_grid_search.py,,User,,deep_small_w120_20251121_081110,,LOCAL,,,,,,,,,,,,,,,,,,,,,,,,,,,,,,,,,,149764.0,deep_small_w120,[32],[32],"[128, 64, 32]",arquitecturas,
b413d6e6ad114a8cbcafa359bb5f55a6,438580544790784720,FINISHED,file:///E:/Codigos/Proyecto%20Final/mlruns/438580544790784720/b413d6e6ad114a8cbcafa359bb5f55a6/artifacts,2025-11-21 11:10:21.622000+00:00,2025-11-21 11:11:10.659000+00:00,0.5139461755752563,0.5181756615638733,4974.764150419775,,,,,0.5806063413619995,,0.0010000000474974513,1.5154998302459717,30.0,,0.49646666646003723,1.5154998302459717,,0.538101851940155,1.5290786027908325,7602.856765974813,0.48975077271461487,0.5682204365730286,0.6375535726547241,1.5290786027908325,0.525879442691803,6290.7560139853485,0.5225356817245483,0.4913643002510071,10138.00483520674,7.355719755453343,0.5128706693649292,0.5220396518707275,8.49889374185981,0.4965163767337799,0.5700245499610901,0.5015602707862854,11.272098180862429,9.848654225711797,1.0,0.5,128,7,0.5,,,60,,,1.0,0.001,adam,,30,499c4126ba318eb885e3a38eafb0ea080c91590e,,src/train/experiment_multimodal_grid_search.py,,User,,deep_small_w60_20251121_081021,,LOCAL,,,,,,,,,,,,,,,,,,,,,,,,,,,,,,,,,,149764.0,deep_small_w60,[32],[32],"[128, 64, 32]",arquitecturas,
aa5a7167e7cf47d99bd79364a32e1fbf,438580544790784720,FINISHED,file:///E:/Codigos/Proyecto%20Final/mlruns/438580544790784720/aa5a7167e7cf47d99bd79364a32e1fbf/artifacts,2025-11-21 11:09:48.304000+00:00,2025-11-21 11:10:21.600000+00:00,0.5027916431427002,0.467151939868927,4928.119594228316,,,,,0.7319524884223938,,0.0010000000474974513,1.7393569946289062,30.0,,0.5147680640220642,1.7393569946289062,,0.5000147223472595,1.563061237335205,8000.037583705357,0.43284717202186584,0.5726060271263123,0.59290611743927,1.563061237335205,0.492538183927536,6539.069847773087,0.4335821568965912,0.40845155715942383,11232.527100766616,7.592725006414919,0.4083506166934967,0.43948453664779663,8.826357510625098,0.5372620224952698,0.5892789959907532,0.5207271575927734,12.369575335751408,10.900941926292948,1.0,0.5,128,7,0.5,,,30,,,1.0,0.001,adam,,30,499c4126ba318eb885e3a38eafb0ea080c91590e,,src/train/experiment_multimodal_grid_search.py,,User,,deep_small_w30_20251121_080948,,LOCAL,,,,,,,,,,,,,,,,,,,,,,,,,,,,,,,,,,149764.0,deep_small_w30,[32],[32],"[128, 64, 32]",arquitecturas,
88625a163e2545a1a33dc2ecd7ea7a68,438580544790784720,FINISHED,file:///E:/Codigos/Proyecto%20Final/mlruns/438580544790784720/88625a163e2545a1a33dc2ecd7ea7a68/artifacts,2025-11-21 11:09:20.595000+00:00,2025-11-21 11:09:48.293000+00:00,0.5048476457595825,0.5442250370979309,4783.351478006369,,,,,0.7191158533096313,,0.0010000000474974513,1.6024419069290161,30.0,,0.47857147455215454,1.6024419069290161,,0.4928445518016815,1.6621298789978027,7527.943755463287,0.5181924104690552,0.5778254270553589,0.647803544998169,1.6621298789978027,0.4946378469467163,6302.013241572936,0.5238985419273376,0.4618707597255707,11562.836946452016,7.518821396194138,0.4707947373390198,0.5250192880630493,8.638560303679476,0.4780818223953247,0.5716598629951477,0.47928228974342346,11.989849775090104,10.493303602028432,1.0,0.5,128,7,0.5,,,15,,,1.0,0.001,adam,,30,499c4126ba318eb885e3a38eafb0ea080c91590e,,src/train/experiment_multimodal_grid_search.py,,User,,deep_small_w15_20251121_080920,,LOCAL,,,,,,,,,,,,,,,,,,,,,,,,,,,,,,,,,,149764.0,deep_small_w15,[32],[32],"[128, 64, 32]",arquitecturas,
b879b38bc12c49b6ad4604a444250b7b,438580544790784720,FINISHED,file:///E:/Codigos/Proyecto%20Final/mlruns/438580544790784720/b879b38bc12c49b6ad4604a444250b7b/artifacts,2025-11-21 11:06:01.829000+00:00,2025-11-21 11:09:20.580000+00:00,0.4834669530391693,0.5003503561019897,5423.9955745053085,,,,,0.3316380977630615,,0.0005000000237487257,1.733314871788025,30.0,,0.4934356212615967,1.733314871788025,,0.49575531482696533,1.2203469276428223,6475.3916015625,0.4351142942905426,0.4307113587856293,0.795107901096344,1.2203469276428223,0.47823068499565125,7244.296728277209,0.44393980503082275,0.4011956453323364,8650.700388845806,7.743660952593829,0.4408154785633087,0.4944330155849457,9.177171604053393,0.501518964767456,0.5683631300926208,0.4748968780040741,13.050605542320804,11.46330524837581,1.0,0.5,128,7,0.5,,,360,,,1.0,0.001,adam,,30,499c4126ba318eb885e3a38eafb0ea080c91590e,,src/train/experiment_multimodal_grid_search.py,,User,,medium_large_shared_w360_20251121_080601,,LOCAL,,,,,,,,,,,,,,,,,,,,,,,,,,,,,,,,,,511876.0,medium_large_shared_w360,[32],[32],"[256, 128]",arquitecturas,
59a2c8d850384977ac0ee7016f5bb9f4,438580544790784720,FINISHED,file:///E:/Codigos/Proyecto%20Final/mlruns/438580544790784720/59a2c8d850384977ac0ee7016f5bb9f4/artifacts,2025-11-21 11:04:06.545000+00:00,2025-11-21 11:06:01.813000+00:00,0.5410457849502563,0.5012160539627075,6673.4551271865885,,,,,0.7083780765533447,,0.0005000000237487257,1.90749192237854,22.0,,0.5281161665916443,1.90749192237854,,0.5612486004829407,1.7843562364578247,8430.202208227041,0.4469433128833771,0.6027357578277588,0.8001888990402222,1.7843562364578247,0.5254156589508057,8314.348813093407,0.43654316663742065,0.49735555052757263,10922.035954112016,8.273438545427238,0.6029270887374878,0.5075356960296631,9.575833295594151,0.6196391582489014,0.6281300783157349,0.5003983974456787,13.498474909186196,11.771151336318372,1.0,0.5,128,7,0.5,,,240,,,1.0,0.001,adam,,30,499c4126ba318eb885e3a38eafb0ea080c91590e,,src/train/experiment_multimodal_grid_search.py,,User,,medium_large_shared_w240_20251121_080406,,LOCAL,,,,,,,,,,,,,,,,,,,,,,,,,,,,,,,,,,511876.0,medium_large_shared_w240,[32],[32],"[256, 128]",arquitecturas,
1b9c41a4c86149b8af378974efb457c0,438580544790784720,FINISHED,file:///E:/Codigos/Proyecto%20Final/mlruns/438580544790784720/1b9c41a4c86149b8af378974efb457c0/artifacts,2025-11-21 11:02:30.853000+00:00,2025-11-21 11:04:06.528000+00:00,0.4804213047027588,0.5240442156791687,5085.532435926522,,,,,0.5112804174423218,,0.0010000000474974513,2.1663870811462402,30.0,,0.5140880346298218,2.1663870811462402,,0.4717070758342743,1.322587251663208,8494.9072265625,0.4227342903614044,0.5088953971862793,1.1945421695709229,1.322587251663208,0.46113812923431396,6766.563087434418,0.4125855267047882,0.38443756103515625,13853.054002796602,7.75960534964568,0.4459615647792816,0.5277227163314819,9.118500863640314,0.5002443790435791,0.6830053329467773,0.49578556418418884,12.944157634456914,11.204962296186844,1.0,0.5,128,7,0.5,,,120,,,1.0,0.001,adam,,30,499c4126ba318eb885e3a38eafb0ea080c91590e,,src/train/experiment_multimodal_grid_search.py,,User,,medium_large_shared_w120_20251121_080230,,LOCAL,,,,,,,,,,,,,,,,,,,,,,,,,,,,,,,,,,511876.0,medium_large_shared_w120,[32],[32],"[256, 128]",arquitecturas,
79f09b9b7493428bb9d7445989d91c2c,438580544790784720,FINISHED,file:///E:/Codigos/Proyecto%20Final/mlruns/438580544790784720/79f09b9b7493428bb9d7445989d91c2c/artifacts,2025-11-21 11:01:31.597000+00:00,2025-11-21 11:02:30.841000+00:00,0.48187020421028137,0.49319446086883545,4551.244248917243,,,,,0.7116993069648743,,0.0010000000474974513,1.3816205263137817,30.0,,0.4585326313972473,1.3816205263137817,,0.4832545816898346,1.564553141593933,6829.558754081157,0.39484792947769165,0.5639922618865967,0.5459772348403931,1.564553141593933,0.4737060070037842,5882.6371806523875,0.3953319787979126,0.3659279942512512,10219.067682531182,6.683408936457847,0.4966975450515747,0.5056753158569336,7.775894604257938,0.4708613157272339,0.5341393351554871,0.45584824681282043,10.804791690470886,9.388085556800185,1.0,0.5,128,7,0.5,,,60,,,1.0,0.001,adam,,30,499c4126ba318eb885e3a38eafb0ea080c91590e,,src/train/experiment_multimodal_grid_search.py,,User,,medium_large_shared_w60_20251121_080131,,LOCAL,,,,,,,,,,,,,,,,,,,,,,,,,,,,,,,,,,511876.0,medium_large_shared_w60,[32],[32],"[256, 128]",arquitecturas,
ba9d835385674d4491225d87869e51ca,438580544790784720,FINISHED,file:///E:/Codigos/Proyecto%20Final/mlruns/438580544790784720/ba9d835385674d4491225d87869e51ca/artifacts,2025-11-21 11:00:53.696000+00:00,2025-11-21 11:01:31.586000+00:00,0.4845863878726959,0.4400536119937897,4679.517233498086,,,,,0.7347233891487122,,0.0005000000237487257,1.6456806659698486,30.0,,0.4830390512943268,1.6456806659698486,,0.47397905588150024,1.505199909210205,7552.968415178571,0.41467350721359253,0.5530071258544922,0.5661767721176147,1.505199909210205,0.48066794872283936,6376.205902108311,0.4107021689414978,0.3663591742515564,11017.849021220329,7.237954626278001,0.38448280096054077,0.41942015290260315,8.329862146961446,0.4847319424152374,0.5798641443252563,0.4844375550746918,12.013912029134486,10.591472427400879,1.0,0.5,128,7,0.5,,,30,,,1.0,0.001,adam,,30,499c4126ba318eb885e3a38eafb0ea080c91590e,,src/train/experiment_multimodal_grid_search.py,,User,,medium_large_shared_w30_20251121_080053,,LOCAL,,,,,,,,,,,,,,,,,,,,,,,,,,,,,,,,,,511876.0,medium_large_shared_w30,[32],[32],"[256, 128]",arquitecturas,
524e1ff6f1f4433595012ab4554e8d76,438580544790784720,FINISHED,file:///E:/Codigos/Proyecto%20Final/mlruns/438580544790784720/524e1ff6f1f4433595012ab4554e8d76/artifacts,2025-11-21 11:00:22.429000+00:00,2025-11-21 11:00:53.686000+00:00,0.48943352699279785,0.5443291664123535,4744.6085940777975,,,,,0.7012425065040588,,0.0010000000474974513,1.5843689441680908,30.0,,0.4753154516220093,1.5843689441680908,,0.48429593443870544,1.621159315109253,7378.072060751748,0.4832666516304016,0.5711856484413147,0.6291285157203674,1.621159315109253,0.4714294373989105,6258.139117638856,0.47870951890945435,0.43639498949050903,11456.946670845899,7.271085779150048,0.4684131145477295,0.5261202454566956,8.442163945673467,0.4867546856403351,0.5631921887397766,0.4645516574382782,11.906307401606364,10.374913306470287,1.0,0.5,128,7,0.5,,,15,,,1.0,0.001,adam,,30,499c4126ba318eb885e3a38eafb0ea080c91590e,,src/train/experiment_multimodal_grid_search.py,,User,,medium_large_shared_w15_20251121_080022,,LOCAL,,,,,,,,,,,,,,,,,,,,,,,,,,,,,,,,,,511876.0,medium_large_shared_w15,[32],[32],"[256, 128]",arquitecturas,
58c538b4b0924541b412d674baeef1af,438580544790784720,FINISHED,file:///E:/Codigos/Proyecto%20Final/mlruns/438580544790784720/58c538b4b0924541b412d674baeef1af/artifacts,2025-11-21 10:58:22.394000+00:00,2025-11-21 11:00:22.414000+00:00,0.4856738746166229,0.5105540156364441,6139.406428903234,,,,,0.32768550515174866,,0.0010000000474974513,1.5414562225341797,30.0,,0.484281450510025,1.5414562225341797,,0.5069502592086792,1.2650725841522217,7016.137589738176,0.4237543046474457,0.43355101346969604,0.5745837688446045,1.2650725841522217,0.48920097947120667,7912.524103303616,0.4257192611694336,0.4237625300884247,9520.949609343603,8.15839877183833,0.46882542967796326,0.4855400323867798,9.472686811763808,0.528907299041748,0.5362539291381836,0.484672486782074,13.237633914765174,11.731679191667991,1.0,0.5,128,7,0.5,,,360,,,1.0,0.001,adam,,30,499c4126ba318eb885e3a38eafb0ea080c91590e,,src/train/experiment_multimodal_grid_search.py,,User,,medium_baseline_w360_20251121_075822,,LOCAL,,,,,,,,,,,,,,,,,,,,,,,,,,,,,,,,,,145540.0,medium_baseline_w360,[32],[32],"[128, 64]",arquitecturas,
faf8078d29c04e348b3f6449936d274f,438580544790784720,FINISHED,file:///E:/Codigos/Proyecto%20Final/mlruns/438580544790784720/faf8078d29c04e348b3f6449936d274f/artifacts,2025-11-21 10:57:01.062000+00:00,2025-11-21 10:58:22.381000+00:00,0.5473066568374634,0.5267654061317444,6261.8308007698615,,,,,0.7237029671669006,,0.0010000000474974513,1.6560603380203247,30.0,,0.5120962262153625,1.6560603380203247,,0.554044783115387,1.718947172164917,7399.97265625,0.5830234289169312,0.5861295461654663,0.6275323629379272,1.718947172164917,0.5334221720695496,7891.060834360667,0.5844461917877197,0.5183857679367065,10836.92721121247,8.333315874327724,0.5154409408569336,0.4994085729122162,9.741384889919624,0.5733702182769775,0.5536066293716431,0.5250595808029175,13.538749372976858,11.889770194956997,1.0,0.5,128,7,0.5,,,240,,,1.0,0.001,adam,,30,499c4126ba318eb885e3a38eafb0ea080c91590e,,src/train/experiment_multimodal_grid_search.py,,User,,medium_baseline_w240_20251121_075701,,LOCAL,,,,,,,,,,,,,,,,,,,,,,,,,,,,,,,,,,145540.0,medium_baseline_w240,[32],[32],"[128, 64]",arquitecturas,
fe6a29673dcd4bc9bd79c90985751ba6,438580544790784720,FINISHED,file:///E:/Codigos/Proyecto%20Final/mlruns/438580544790784720/fe6a29673dcd4bc9bd79c90985751ba6/artifacts,2025-11-21 10:56:07.568000+00:00,2025-11-21 10:57:01.048000+00:00,0.48669731616973877,0.5365774631500244,5296.183599751172,,,,,0.5277566313743591,,0.0010000000474974513,2.190598487854004,30.0,,0.5332351922988892,2.190598487854004,,0.49632546305656433,1.3611830472946167,8560.751809042009,0.4311612546443939,0.5187791585922241,1.1864733695983887,1.3611830472946167,0.46562790870666504,6883.218783573302,0.4216032326221466,0.40848618745803833,13903.771275738452,7.94307264734487,0.4651649594306946,0.5413427352905273,9.500893706739367,0.5247772932052612,0.6706691980361938,0.5153154134750366,13.109368676633387,11.29097931753656,1.0,0.5,128,7,0.5,,,120,,,1.0,0.001,adam,,30,499c4126ba318eb885e3a38eafb0ea080c91590e,,src/train/experiment_multimodal_grid_search.py,,User,,medium_baseline_w120_20251121_075607,,LOCAL,,,,,,,,,,,,,,,,,,,,,,,,,,,,,,,,,,145540.0,medium_baseline_w120,[32],[32],"[128, 64]",arquitecturas,
6aee805351134cbfbbf48e1cbe3e5935,438580544790784720,FINISHED,file:///E:/Codigos/Proyecto%20Final/mlruns/438580544790784720/6aee805351134cbfbbf48e1cbe3e5935/artifacts,2025-11-21 10:55:29.612000+00:00,2025-11-21 10:56:07.554000+00:00,0.5090740919113159,0.5346019268035889,4771.7734505597,,,,,0.4474866986274719,,0.0010000000474974513,1.2686423063278198,30.0,,0.4866640567779541,1.2686423063278198,,0.49474120140075684,1.4402498006820679,6743.434045592351,0.4499514102935791,0.5389018058776855,0.5126453042030334,1.4402498006820679,0.6107121706008911,6088.2549904394455,0.6481989622116089,0.4071660041809082,8653.792142508926,7.9642350902435375,0.5034669041633606,0.5158084034919739,8.391098766692922,0.488044798374176,0.5137411952018738,0.5333500504493713,11.120168072212593,10.308208200952626,1.0,0.5,128,7,0.5,,,60,,,1.0,0.001,adam,,30,499c4126ba318eb885e3a38eafb0ea080c91590e,,src/train/experiment_multimodal_grid_search.py,,User,,medium_baseline_w60_20251121_075529,,LOCAL,,,,,,,,,,,,,,,,,,,,,,,,,,,,,,,,,,145540.0,medium_baseline_w60,[32],[32],"[128, 64]",arquitecturas,
e3bc4350457f40b2ada313b65cde2fb5,438580544790784720,FINISHED,file:///E:/Codigos/Proyecto%20Final/mlruns/438580544790784720/e3bc4350457f40b2ada313b65cde2fb5/artifacts,2025-11-21 10:55:01.912000+00:00,2025-11-21 10:55:29.600000+00:00,0.4887019395828247,0.43864381313323975,4771.692616741071,,,,,0.741549015045166,,0.0010000000474974513,1.673067569732666,30.0,,0.4839458465576172,1.673067569732666,,0.4750986397266388,1.5074999332427979,7713.2892578125,0.40667223930358887,0.5591131448745728,0.6021238565444946,1.5074999332427979,0.479659765958786,6420.777405661403,0.4091939926147461,0.3687315583229065,11113.550722842954,7.32491162358498,0.3876502811908722,0.41531747579574585,8.407188567336725,0.4923948049545288,0.6086925268173218,0.4813727140426636,12.068965591392685,10.625619732697604,1.0,0.5,128,7,0.5,,,30,,,1.0,0.001,adam,,30,499c4126ba318eb885e3a38eafb0ea080c91590e,,src/train/experiment_multimodal_grid_search.py,,User,,medium_baseline_w30_20251121_075501,,LOCAL,,,,,,,,,,,,,,,,,,,,,,,,,,,,,,,,,,145540.0,medium_baseline_w30,[32],[32],"[128, 64]",arquitecturas,
bae33c47059d4f7ca304d77d312c9d39,438580544790784720,FINISHED,file:///E:/Codigos/Proyecto%20Final/mlruns/438580544790784720/bae33c47059d4f7ca304d77d312c9d39/artifacts,2025-11-21 10:54:37.356000+00:00,2025-11-21 10:55:01.901000+00:00,0.5041385293006897,0.556312620639801,4788.967872939561,,,,,0.7520148158073425,,0.0005000000237487257,1.6069611310958862,30.0,,0.48049136996269226,1.6069611310958862,,0.49522116780281067,1.6717280149459839,7612.7913161057695,0.4789549708366394,0.5864085555076599,0.6501518487930298,1.6717280149459839,0.48795199394226074,6308.743408158525,0.4753014147281647,0.43547195196151733,11580.541896099869,7.56238233888304,0.4680038392543793,0.5249911546707153,8.632110710029716,0.49229323863983154,0.5686269402503967,0.4833732545375824,11.993183629148895,10.503358983498147,1.0,0.5,128,7,0.5,,,15,,,1.0,0.001,adam,,30,499c4126ba318eb885e3a38eafb0ea080c91590e,,src/train/experiment_multimodal_grid_search.py,,User,,medium_baseline_w15_20251121_075437,,LOCAL,,,,,,,,,,,,,,,,,,,,,,,,,,,,,,,,,,145540.0,medium_baseline_w15,[32],[32],"[128, 64]",arquitecturas,
29bd164721984310a3ad9b9e8909f08e,438580544790784720,FINISHED,file:///E:/Codigos/Proyecto%20Final/mlruns/438580544790784720/29bd164721984310a3ad9b9e8909f08e/artifacts,2025-11-21 10:53:13.036000+00:00,2025-11-21 10:54:37.343000+00:00,0.5109589099884033,0.5127505660057068,5756.559624819015,,,,,0.3142082691192627,,0.0005000000237487257,1.4810616970062256,30.0,,0.5024111866950989,1.4810616970062256,,0.49979686737060547,1.2036683559417725,7081.352195945946,0.47815588116645813,0.4176284670829773,0.505132257938385,1.2036683559417725,0.5097988843917847,7502.643174051566,0.4845430552959442,0.4191441535949707,9616.664587610449,7.8110182331335585,0.469200998544693,0.5007062554359436,9.327628588584398,0.5255671739578247,0.5233525037765503,0.4837547540664673,13.13721812680301,11.562068377207007,1.0,0.5,128,7,0.5,,,360,,,1.0,0.001,adam,,30,499c4126ba318eb885e3a38eafb0ea080c91590e,,src/train/experiment_multimodal_grid_search.py,,User,,shallow_medium_w360_20251121_075313,,LOCAL,,,,,,,,,,,,,,,,,,,,,,,,,,,,,,,,,,112516.0,shallow_medium_w360,[32],[32],[128],arquitecturas,
a172c5b29748432dbf7a3c666119089c,438580544790784720,FINISHED,file:///E:/Codigos/Proyecto%20Final/mlruns/438580544790784720/a172c5b29748432dbf7a3c666119089c/artifacts,2025-11-21 10:52:10.025000+00:00,2025-11-21 10:53:13.022000+00:00,0.5365729331970215,0.5304625034332275,6440.68499211917,,,,,0.5072681903839111,,0.0010000000474974513,1.5980726480484009,30.0,,0.5206617712974548,1.5980726480484009,,0.5621501803398132,1.4854810237884521,7995.1075215242345,0.404863566160202,0.5485982298851013,0.5322169661521912,1.4854810237884521,0.528282880783081,8015.811391072723,0.40456607937812805,0.44995981454849243,10062.2116001972,9.052926755855104,0.5452327728271484,0.5107829570770264,10.076624022280855,0.5933016538619995,0.5796625018119812,0.5423234701156616,13.831763172225424,12.157882675059572,1.0,0.5,128,7,0.5,,,240,,,1.0,0.001,adam,,30,499c4126ba318eb885e3a38eafb0ea080c91590e,,src/train/experiment_multimodal_grid_search.py,,User,,shallow_medium_w240_20251121_075210,,LOCAL,,,,,,,,,,,,,,,,,,,,,,,,,,,,,,,,,,112516.0,shallow_medium_w240,[32],[32],[128],arquitecturas,
2f7ba613e88545ed847e1e605a41dd87,438580544790784720,FINISHED,file:///E:/Codigos/Proyecto%20Final/mlruns/438580544790784720/2f7ba613e88545ed847e1e605a41dd87/artifacts,2025-11-21 10:51:27.531000+00:00,2025-11-21 10:52:10.012000+00:00,0.49748122692108154,0.5649726390838623,5320.523076935744,,,,,0.5483972430229187,,0.0010000000474974513,2.393252372741699,30.0,,0.5477624535560608,2.393252372741699,,0.49773919582366943,1.3773607015609741,8728.865778688525,0.4423482120037079,0.5186783671379089,1.2309954166412354,1.3773607015609741,0.4774232804775238,6920.612114326474,0.4366641938686371,0.4149033725261688,13928.466922149786,8.098723949816522,0.5954248905181885,0.5686917901039124,9.699995916397846,0.5818673372268677,0.7038938403129578,0.5400213599205017,13.223041194520944,11.347206753103919,1.0,0.5,128,7,0.5,,,120,,,1.0,0.001,adam,,30,499c4126ba318eb885e3a38eafb0ea080c91590e,,src/train/experiment_multimodal_grid_search.py,,User,,shallow_medium_w120_20251121_075127,,LOCAL,,,,,,,,,,,,,,,,,,,,,,,,,,,,,,,,,,112516.0,shallow_medium_w120,[32],[32],[128],arquitecturas,
f397614fc918490fbb1b1598c38c948d,438580544790784720,FINISHED,file:///E:/Codigos/Proyecto%20Final/mlruns/438580544790784720/f397614fc918490fbb1b1598c38c948d/artifacts,2025-11-21 10:50:56.489000+00:00,2025-11-21 10:51:27.518000+00:00,0.5000766515731812,0.49880093336105347,4619.119576825692,,,,,0.48403507471084595,,0.0010000000474974513,1.2923256158828735,30.0,,0.47025349736213684,1.2923256158828735,,0.5205662250518799,1.3810869455337524,6541.891412080224,0.4537031054496765,0.5353118181228638,0.5470528602600098,1.3810869455337524,0.5024948120117188,6006.39333761149,0.46623048186302185,0.43056169152259827,8039.539778474306,7.007209757497824,0.5018395781517029,0.510842502117157,8.036594606411738,0.4848021864891052,0.5319865345954895,0.46871066093444824,10.954915677784694,9.554629276784135,1.0,0.5,128,7,0.5,,,60,,,1.0,0.001,adam,,30,499c4126ba318eb885e3a38eafb0ea080c91590e,,src/train/experiment_multimodal_grid_search.py,,User,,shallow_medium_w60_20251121_075056,,LOCAL,,,,,,,,,,,,,,,,,,,,,,,,,,,,,,,,,,112516.0,shallow_medium_w60,[32],[32],[128],arquitecturas,
db93608ba93d4380a1b3ef1e3035d4b4,438580544790784720,FINISHED,file:///E:/Codigos/Proyecto%20Final/mlruns/438580544790784720/db93608ba93d4380a1b3ef1e3035d4b4/artifacts,2025-11-21 10:50:32.193000+00:00,2025-11-21 10:50:56.477000+00:00,0.48810461163520813,0.45084238052368164,4712.604424776786,,,,,0.6651288270950317,,0.0010000000474974513,1.6851813793182373,30.0,,0.48633870482444763,1.6851813793182373,,0.47350427508354187,1.5079888105392456,7670.888671875,0.4112725853919983,0.5629472732543945,0.5948137640953064,1.5079888105392456,0.4741014540195465,6399.571212166472,0.40764155983924866,0.3686459958553314,11076.119659476453,7.384501943782883,0.389548659324646,0.42754065990448,8.424978240655394,0.5040920972824097,0.603574275970459,0.48711156845092773,12.082620525416848,10.660694803829763,1.0,0.5,128,7,0.5,,,30,,,1.0,0.001,adam,,30,499c4126ba318eb885e3a38eafb0ea080c91590e,,src/train/experiment_multimodal_grid_search.py,,User,,shallow_medium_w30_20251121_075032,,LOCAL,,,,,,,,,,,,,,,,,,,,,,,,,,,,,,,,,,112516.0,shallow_medium_w30,[32],[32],[128],arquitecturas,
3775996b46bb4eba91a1e999ab71aca9,438580544790784720,FINISHED,file:///E:/Codigos/Proyecto%20Final/mlruns/438580544790784720/3775996b46bb4eba91a1e999ab71aca9/artifacts,2025-11-21 10:50:10.299000+00:00,2025-11-21 10:50:32.182000+00:00,0.4998670518398285,0.5555136203765869,4841.764979114636,,,,,0.768704891204834,,0.0010000000474974513,1.649488925933838,30.0,,0.48978444933891296,1.649488925933838,,0.5092052817344666,1.6999090909957886,7780.4242378715035,0.46618708968162537,0.6010507941246033,0.6656696796417236,1.6999090909957886,0.4866132140159607,6333.977102944373,0.46287935972213745,0.44187459349632263,11641.84430886756,7.6204589058707395,0.49743905663490295,0.5372514724731445,8.816140589299616,0.5160821080207825,0.5770965218544006,0.4863704442977905,12.133866931158765,10.577802333489162,1.0,0.5,128,7,0.5,,,15,,,1.0,0.001,adam,,30,499c4126ba318eb885e3a38eafb0ea080c91590e,,src/train/experiment_multimodal_grid_search.py,,User,,shallow_medium_w15_20251121_075010,,LOCAL,,,,,,,,,,,,,,,,,,,,,,,,,,,,,,,,,,112516.0,shallow_medium_w15,[32],[32],[128],arquitecturas,
f8101647430b4896b6466faa898acddc,438580544790784720,FINISHED,file:///E:/Codigos/Proyecto%20Final/mlruns/438580544790784720/f8101647430b4896b6466faa898acddc/artifacts,2025-11-21 10:49:03.743000+00:00,2025-11-21 10:50:10.285000+00:00,0.5032223463058472,0.529462993144989,6393.735882510859,,,,,0.47440671920776367,,0.0005000000237487257,1.754276990890503,27.0,,0.49999314546585083,1.754276990890503,,0.5326728820800781,1.457655668258667,7633.521827491554,0.4109519422054291,0.5049497485160828,0.7010619044303894,1.457655668258667,0.5083181858062744,8296.986780128165,0.42775020003318787,0.4136705696582794,9752.418237870319,8.350185438472792,0.538860023021698,0.49924716353416443,9.49238242513885,0.5609219670295715,0.6329475045204163,0.5075502991676331,13.227283448576202,11.793964059017636,1.0,0.5,128,7,0.5,,,360,,,1.0,0.001,adam,,30,499c4126ba318eb885e3a38eafb0ea080c91590e,,src/train/experiment_multimodal_grid_search.py,,User,,shallow_small_w360_20251121_074903,,LOCAL,,,,,,,,,,,,,,,,,,,,,,,,,,,,,,,,,,44164.0,shallow_small_w360,[32],[32],[64],arquitecturas,
3326137a0fdd4a40bf5a3aed8b7419f4,438580544790784720,FINISHED,file:///E:/Codigos/Proyecto%20Final/mlruns/438580544790784720/3326137a0fdd4a40bf5a3aed8b7419f4/artifacts,2025-11-21 10:48:25.315000+00:00,2025-11-21 10:49:03.729000+00:00,0.5490245223045349,0.5179591774940491,6697.110727336918,,,,,0.689868152141571,,0.0005000000237487257,1.8273875713348389,25.0,,0.5145237445831299,1.8273875713348389,,0.5992523431777954,1.7707452774047852,9026.085160235969,0.4688073694705963,0.6271482706069946,0.7206124067306519,1.7707452774047852,0.5429384112358093,8447.75558636538,0.4713129997253418,0.6372513771057129,11498.456671145315,8.80797055302834,0.5970631241798401,0.5014649033546448,10.178310689008617,0.6260810494422913,0.6467778086662292,0.5275542140007019,14.00762990596939,12.053161841506782,1.0,0.5,128,7,0.5,,,240,,,1.0,0.001,adam,,30,499c4126ba318eb885e3a38eafb0ea080c91590e,,src/train/experiment_multimodal_grid_search.py,,User,,shallow_small_w240_20251121_074825,,LOCAL,,,,,,,,,,,,,,,,,,,,,,,,,,,,,,,,,,44164.0,shallow_small_w240,[32],[32],[64],arquitecturas,
054307b20ceb492e818ebd1e8db27a3b,438580544790784720,FINISHED,file:///E:/Codigos/Proyecto%20Final/mlruns/438580544790784720/054307b20ceb492e818ebd1e8db27a3b/artifacts,2025-11-21 10:47:54.606000+00:00,2025-11-21 10:48:25.301000+00:00,0.4876483976840973,0.557306170463562,5571.624305529129,,,,,0.5309147834777832,,0.0010000000474974513,2.238537311553955,30.0,,0.5394181609153748,2.238537311553955,,0.4872387945652008,1.361401915550232,8629.519371157787,0.421655535697937,0.5150049328804016,1.190577745437622,1.361401915550232,0.47962749004364014,7066.731642562056,0.4227093458175659,0.3946096897125244,13906.811322943731,8.387526313370786,0.4962000548839569,0.5462126135826111,9.699238162967582,0.5530077219009399,0.6819847226142883,0.5397594571113586,13.264861203282084,11.549394059066483,1.0,0.5,128,7,0.5,,,120,,,1.0,0.001,adam,,30,499c4126ba318eb885e3a38eafb0ea080c91590e,,src/train/experiment_multimodal_grid_search.py,,User,,shallow_small_w120_20251121_074754,,LOCAL,,,,,,,,,,,,,,,,,,,,,,,,,,,,,,,,,,44164.0,shallow_small_w120,[32],[32],[64],arquitecturas,
a4a7cdf2435c44569be402e68acdf724,438580544790784720,FINISHED,file:///E:/Codigos/Proyecto%20Final/mlruns/438580544790784720/a4a7cdf2435c44569be402e68acdf724/artifacts,2025-11-21 10:47:30.164000+00:00,2025-11-21 10:47:54.593000+00:00,0.5036644339561462,0.5068756341934204,5428.942160031316,,,,,0.7203205823898315,,0.0005000000237487257,1.8890472650527954,27.0,,0.48247596621513367,1.8890472650527954,,0.5184247493743896,1.6711022853851318,9356.822192747202,0.4439980387687683,0.6587699055671692,0.8083772659301758,1.6711022853851318,0.4950074553489685,6900.73071662582,0.4427183270454407,0.4470144212245941,12746.610515737586,7.306013416379754,0.5743938684463501,0.5176862478256226,8.45787965005903,0.5368838310241699,0.7260646820068359,0.4843025803565979,11.219460147666178,9.757072178402337,1.0,0.5,128,7,0.5,,,60,,,1.0,0.001,adam,,30,499c4126ba318eb885e3a38eafb0ea080c91590e,,src/train/experiment_multimodal_grid_search.py,,User,,shallow_small_w60_20251121_074730,,LOCAL,,,,,,,,,,,,,,,,,,,,,,,,,,,,,,,,,,44164.0,shallow_small_w60,[32],[32],[64],arquitecturas,
3a61bf797e60488580f7d07afdd9c399,438580544790784720,FINISHED,file:///E:/Codigos/Proyecto%20Final/mlruns/438580544790784720/3a61bf797e60488580f7d07afdd9c399/artifacts,2025-11-21 10:47:09.004000+00:00,2025-11-21 10:47:30.151000+00:00,0.5044217109680176,0.4477585554122925,4909.116394786352,,,,,0.7479997873306274,,0.0010000000474974513,1.7022708654403687,30.0,,0.502406656742096,1.7022708654403687,,0.48950430750846863,1.5414745807647705,7761.176450892857,0.4254259467124939,0.5636070966720581,0.5979366898536682,1.5414745807647705,0.4862472414970398,6566.8743611788195,0.40987348556518555,0.384535551071167,11133.39163248563,7.60665043032899,0.40146514773368835,0.423334538936615,8.663849733313736,0.5085151791572571,0.5958489179611206,0.5091143846511841,12.181463043729991,10.763094470652806,1.0,0.5,128,7,0.5,,,30,,,1.0,0.001,adam,,30,499c4126ba318eb885e3a38eafb0ea080c91590e,,src/train/experiment_multimodal_grid_search.py,,User,,shallow_small_w30_20251121_074708,,LOCAL,,,,,,,,,,,,,,,,,,,,,,,,,,,,,,,,,,44164.0,shallow_small_w30,[32],[32],[64],arquitecturas,
c7adc9b34aa142278a1fd06eaf7b04f1,438580544790784720,FINISHED,file:///E:/Codigos/Proyecto%20Final/mlruns/438580544790784720/c7adc9b34aa142278a1fd06eaf7b04f1/artifacts,2025-11-21 10:46:48.178000+00:00,2025-11-21 10:47:08.992000+00:00,0.4996199905872345,0.5761256217956543,4967.91417827485,,,,,0.7358849048614502,,0.0010000000474974513,1.6281367540359497,30.0,,0.5060000419616699,1.6281367540359497,,0.49859383702278137,1.6792662143707275,7622.9907124125875,0.49051612615585327,0.5856542587280273,0.6505405902862549,1.6792662143707275,0.49633023142814636,6420.921716306124,0.5010436177253723,0.44843238592147827,11565.091679796978,7.930381603412456,0.4764345586299896,0.5542543530464172,9.143670728990248,0.4989299774169922,0.5696622133255005,0.5047428607940674,12.313969355178573,10.729680260347259,1.0,0.5,128,7,0.5,,,15,,,1.0,0.001,adam,,30,499c4126ba318eb885e3a38eafb0ea080c91590e,,src/train/experiment_multimodal_grid_search.py,,User,,shallow_small_w15_20251121_074647,,LOCAL,,,,,,,,,,,,,,,,,,,,,,,,,,,,,,,,,,44164.0,shallow_small_w15,[32],[32],[64],arquitecturas,
